[2026-01-13T12:11:18.042Z] POST /cart Body: {"productId":"695790b1d6474999013ea19f","quantity":1,"userId":"6966354d2d2951851c61a04d"} | User: 6966354d2d2951851c61a04d
[2026-01-13T12:11:18.274Z] ERROR: Cart validation failed: customer: Path `customer` is required., items.0.totalPrice: Path `totalPrice` is required., items.0.product: Path `product` is required.
Stack: ValidationError: Cart validation failed: customer: Path `customer` is required., items.0.totalPrice: Path `totalPrice` is required., items.0.product: Path `product` is required.
    at Document.invalidate (C:\Users\User\Desktop\farmferry\FarmFerryBackendNew\node_modules\mongoose\lib\document.js:3377:32)
    at validatePath (C:\Users\User\Desktop\farmferry\FarmFerryBackendNew\node_modules\mongoose\lib\document.js:3152:13)
    at process.processTicksAndRejections (node:internal/process/task_queues:105:5)
    at async Promise.all (index 0)
    at async model.$__validate (C:\Users\User\Desktop\farmferry\FarmFerryBackendNew\node_modules\mongoose\lib\document.js:3093:3)
    at async model.validate (C:\Users\User\Desktop\farmferry\FarmFerryBackendNew\node_modules\mongoose\lib\document.js:2670:5)
    at async model.validateBeforeSave (C:\Users\User\Desktop\farmferry\FarmFerryBackendNew\node_modules\mongoose\lib\plugins\validateBeforeSave.js:34:7)
    at async Kareem.execPre (C:\Users\User\Desktop\farmferry\FarmFerryBackendNew\node_modules\kareem\index.js:65:24)
    at async model.$__save (C:\Users\User\Desktop\farmferry\FarmFerryBackendNew\node_modules\mongoose\lib\model.js:369:5)
    at async model.save (C:\Users\User\Desktop\farmferry\FarmFerryBackendNew\node_modules\mongoose\lib\model.js:609:5)
    at async POST (C:\Users\User\Desktop\farmferry\FarmFerryBackendNew\.next\dev\server\chunks\[root-of-the-server]__4363d375._.js:1590:13)
    at async AppRouteRouteModule.do (C:\Users\User\Desktop\farmferry\FarmFerryBackendNew\node_modules\next\dist\compiled\next-server\app-route-turbo.runtime.dev.js:5:37866)
    at async AppRouteRouteModule.handle (C:\Users\User\Desktop\farmferry\FarmFerryBackendNew\node_modules\next\dist\compiled\next-server\app-route-turbo.runtime.dev.js:5:45156)
    at async responseGenerator (C:\Users\User\Desktop\farmferry\FarmFerryBackendNew\.next\dev\server\chunks\[root-of-the-server]__6191ab1b._.js:14877:38)
    at async AppRouteRouteModule.handleResponse (C:\Users\User\Desktop\farmferry\FarmFerryBackendNew\node_modules\next\dist\compiled\next-server\app-route-turbo.runtime.dev.js:1:187713)
    at async handleResponse (C:\Users\User\Desktop\farmferry\FarmFerryBackendNew\.next\dev\server\chunks\[root-of-the-server]__6191ab1b._.js:14940:32)
    at async Module.handler (C:\Users\User\Desktop\farmferry\FarmFerryBackendNew\.next\dev\server\chunks\[root-of-the-server]__6191ab1b._.js:14993:13)
    at async DevServer.renderToResponseWithComponentsImpl (C:\Users\User\Desktop\farmferry\FarmFerryBackendNew\node_modules\next\dist\server\base-server.js:1422:9)
    at async DevServer.renderPageComponent (C:\Users\User\Desktop\farmferry\FarmFerryBackendNew\node_modules\next\dist\server\base-server.js:1474:24)
    at async DevServer.renderToResponseImpl (C:\Users\User\Desktop\farmferry\FarmFerryBackendNew\node_modules\next\dist\server\base-server.js:1524:32)
    at async DevServer.pipeImpl (C:\Users\User\Desktop\farmferry\FarmFerryBackendNew\node_modules\next\dist\server\base-server.js:1018:25)
    at async NextNodeServer.handleCatchallRenderRequest (C:\Users\User\Desktop\farmferry\FarmFerryBackendNew\node_modules\next\dist\server\next-server.js:395:17)
    at async DevServer.handleRequestImpl (C:\Users\User\Desktop\farmferry\FarmFerryBackendNew\node_modules\next\dist\server\base-server.js:909:17)
    at async C:\Users\User\Desktop\farmferry\FarmFerryBackendNew\node_modules\next\dist\server\dev\next-dev-server.js:387:20
    at async Span.traceAsyncFn (C:\Users\User\Desktop\farmferry\FarmFerryBackendNew\node_modules\next\dist\trace\trace.js:157:20)
    at async DevServer.handleRequest (C:\Users\User\Desktop\farmferry\FarmFerryBackendNew\node_modules\next\dist\server\dev\next-dev-server.js:383:24)
    at async invokeRender (C:\Users\User\Desktop\farmferry\FarmFerryBackendNew\node_modules\next\dist\server\lib\router-server.js:248:21)
    at async handleRequest (C:\Users\User\Desktop\farmferry\FarmFerryBackendNew\node_modules\next\dist\server\lib\router-server.js:447:24)
    at async requestHandlerImpl (C:\Users\User\Desktop\farmferry\FarmFerryBackendNew\node_modules\next\dist\server\lib\router-server.js:496:13)
    at async Server.requestListener (C:\Users\User\Desktop\farmferry\FarmFerryBackendNew\node_modules\next\dist\server\lib\start-server.js:226:13)
[2026-01-13T12:12:19.879Z] POST /cart Body: {"productId":"6965e11d1c667d5b26e6ee3c","quantity":1,"userId":"6966354d2d2951851c61a04d"} | User: 6966354d2d2951851c61a04d
[2026-01-13T12:12:20.123Z] ERROR: Cart validation failed: customer: Path `customer` is required., items.0.totalPrice: Path `totalPrice` is required., items.0.product: Path `product` is required.
Stack: ValidationError: Cart validation failed: customer: Path `customer` is required., items.0.totalPrice: Path `totalPrice` is required., items.0.product: Path `product` is required.
    at Document.invalidate (C:\Users\User\Desktop\farmferry\FarmFerryBackendNew\node_modules\mongoose\lib\document.js:3377:32)
    at validatePath (C:\Users\User\Desktop\farmferry\FarmFerryBackendNew\node_modules\mongoose\lib\document.js:3152:13)
    at process.processTicksAndRejections (node:internal/process/task_queues:105:5)
    at async Promise.all (index 0)
    at async model.$__validate (C:\Users\User\Desktop\farmferry\FarmFerryBackendNew\node_modules\mongoose\lib\document.js:3093:3)
    at async model.validate (C:\Users\User\Desktop\farmferry\FarmFerryBackendNew\node_modules\mongoose\lib\document.js:2670:5)
    at async model.validateBeforeSave (C:\Users\User\Desktop\farmferry\FarmFerryBackendNew\node_modules\mongoose\lib\plugins\validateBeforeSave.js:34:7)
    at async Kareem.execPre (C:\Users\User\Desktop\farmferry\FarmFerryBackendNew\node_modules\kareem\index.js:65:24)
    at async model.$__save (C:\Users\User\Desktop\farmferry\FarmFerryBackendNew\node_modules\mongoose\lib\model.js:369:5)
    at async model.save (C:\Users\User\Desktop\farmferry\FarmFerryBackendNew\node_modules\mongoose\lib\model.js:609:5)
    at async POST (C:\Users\User\Desktop\farmferry\FarmFerryBackendNew\.next\dev\server\chunks\[root-of-the-server]__4363d375._.js:1590:13)
    at async AppRouteRouteModule.do (C:\Users\User\Desktop\farmferry\FarmFerryBackendNew\node_modules\next\dist\compiled\next-server\app-route-turbo.runtime.dev.js:5:37866)
    at async AppRouteRouteModule.handle (C:\Users\User\Desktop\farmferry\FarmFerryBackendNew\node_modules\next\dist\compiled\next-server\app-route-turbo.runtime.dev.js:5:45156)
    at async responseGenerator (C:\Users\User\Desktop\farmferry\FarmFerryBackendNew\.next\dev\server\chunks\[root-of-the-server]__6191ab1b._.js:14877:38)
    at async AppRouteRouteModule.handleResponse (C:\Users\User\Desktop\farmferry\FarmFerryBackendNew\node_modules\next\dist\compiled\next-server\app-route-turbo.runtime.dev.js:1:187713)
    at async handleResponse (C:\Users\User\Desktop\farmferry\FarmFerryBackendNew\.next\dev\server\chunks\[root-of-the-server]__6191ab1b._.js:14940:32)
    at async Module.handler (C:\Users\User\Desktop\farmferry\FarmFerryBackendNew\.next\dev\server\chunks\[root-of-the-server]__6191ab1b._.js:14993:13)
    at async DevServer.renderToResponseWithComponentsImpl (C:\Users\User\Desktop\farmferry\FarmFerryBackendNew\node_modules\next\dist\server\base-server.js:1422:9)
    at async DevServer.renderPageComponent (C:\Users\User\Desktop\farmferry\FarmFerryBackendNew\node_modules\next\dist\server\base-server.js:1474:24)
    at async DevServer.renderToResponseImpl (C:\Users\User\Desktop\farmferry\FarmFerryBackendNew\node_modules\next\dist\server\base-server.js:1524:32)
    at async DevServer.pipeImpl (C:\Users\User\Desktop\farmferry\FarmFerryBackendNew\node_modules\next\dist\server\base-server.js:1018:25)
    at async NextNodeServer.handleCatchallRenderRequest (C:\Users\User\Desktop\farmferry\FarmFerryBackendNew\node_modules\next\dist\server\next-server.js:395:17)
    at async DevServer.handleRequestImpl (C:\Users\User\Desktop\farmferry\FarmFerryBackendNew\node_modules\next\dist\server\base-server.js:909:17)
    at async C:\Users\User\Desktop\farmferry\FarmFerryBackendNew\node_modules\next\dist\server\dev\next-dev-server.js:387:20
    at async Span.traceAsyncFn (C:\Users\User\Desktop\farmferry\FarmFerryBackendNew\node_modules\next\dist\trace\trace.js:157:20)
    at async DevServer.handleRequest (C:\Users\User\Desktop\farmferry\FarmFerryBackendNew\node_modules\next\dist\server\dev\next-dev-server.js:383:24)
    at async invokeRender (C:\Users\User\Desktop\farmferry\FarmFerryBackendNew\node_modules\next\dist\server\lib\router-server.js:248:21)
    at async handleRequest (C:\Users\User\Desktop\farmferry\FarmFerryBackendNew\node_modules\next\dist\server\lib\router-server.js:447:24)
    at async requestHandlerImpl (C:\Users\User\Desktop\farmferry\FarmFerryBackendNew\node_modules\next\dist\server\lib\router-server.js:496:13)
    at async Server.requestListener (C:\Users\User\Desktop\farmferry\FarmFerryBackendNew\node_modules\next\dist\server\lib\start-server.js:226:13)
[2026-01-13T12:34:30.936Z] POST /cart Body: {"productId":"695790b1d6474999013ea19f","quantity":1,"userId":"69663a1f2d2951851c61a050"} | User: 69663a1f2d2951851c61a050
[2026-01-13T12:34:31.095Z] ERROR: Cart validation failed: customer: Path `customer` is required., items.0.totalPrice: Path `totalPrice` is required., items.0.product: Path `product` is required.
Stack: ValidationError: Cart validation failed: customer: Path `customer` is required., items.0.totalPrice: Path `totalPrice` is required., items.0.product: Path `product` is required.
    at Document.invalidate (C:\Users\User\Desktop\farmferry\FarmFerryBackendNew\node_modules\mongoose\lib\document.js:3377:32)
    at validatePath (C:\Users\User\Desktop\farmferry\FarmFerryBackendNew\node_modules\mongoose\lib\document.js:3152:13)
    at process.processTicksAndRejections (node:internal/process/task_queues:105:5)
    at async Promise.all (index 0)
    at async model.$__validate (C:\Users\User\Desktop\farmferry\FarmFerryBackendNew\node_modules\mongoose\lib\document.js:3093:3)
    at async model.validate (C:\Users\User\Desktop\farmferry\FarmFerryBackendNew\node_modules\mongoose\lib\document.js:2670:5)
    at async model.validateBeforeSave (C:\Users\User\Desktop\farmferry\FarmFerryBackendNew\node_modules\mongoose\lib\plugins\validateBeforeSave.js:34:7)
    at async Kareem.execPre (C:\Users\User\Desktop\farmferry\FarmFerryBackendNew\node_modules\kareem\index.js:65:24)
    at async model.$__save (C:\Users\User\Desktop\farmferry\FarmFerryBackendNew\node_modules\mongoose\lib\model.js:369:5)
    at async model.save (C:\Users\User\Desktop\farmferry\FarmFerryBackendNew\node_modules\mongoose\lib\model.js:609:5)
    at async POST (C:\Users\User\Desktop\farmferry\FarmFerryBackendNew\.next\dev\server\chunks\[root-of-the-server]__4363d375._.js:1590:13)
    at async AppRouteRouteModule.do (C:\Users\User\Desktop\farmferry\FarmFerryBackendNew\node_modules\next\dist\compiled\next-server\app-route-turbo.runtime.dev.js:5:37866)
    at async AppRouteRouteModule.handle (C:\Users\User\Desktop\farmferry\FarmFerryBackendNew\node_modules\next\dist\compiled\next-server\app-route-turbo.runtime.dev.js:5:45156)
    at async responseGenerator (C:\Users\User\Desktop\farmferry\FarmFerryBackendNew\.next\dev\server\chunks\[root-of-the-server]__6191ab1b._.js:14877:38)
    at async AppRouteRouteModule.handleResponse (C:\Users\User\Desktop\farmferry\FarmFerryBackendNew\node_modules\next\dist\compiled\next-server\app-route-turbo.runtime.dev.js:1:187713)
    at async handleResponse (C:\Users\User\Desktop\farmferry\FarmFerryBackendNew\.next\dev\server\chunks\[root-of-the-server]__6191ab1b._.js:14940:32)
    at async Module.handler (C:\Users\User\Desktop\farmferry\FarmFerryBackendNew\.next\dev\server\chunks\[root-of-the-server]__6191ab1b._.js:14993:13)
    at async DevServer.renderToResponseWithComponentsImpl (C:\Users\User\Desktop\farmferry\FarmFerryBackendNew\node_modules\next\dist\server\base-server.js:1422:9)
    at async DevServer.renderPageComponent (C:\Users\User\Desktop\farmferry\FarmFerryBackendNew\node_modules\next\dist\server\base-server.js:1474:24)
    at async DevServer.renderToResponseImpl (C:\Users\User\Desktop\farmferry\FarmFerryBackendNew\node_modules\next\dist\server\base-server.js:1524:32)
    at async DevServer.pipeImpl (C:\Users\User\Desktop\farmferry\FarmFerryBackendNew\node_modules\next\dist\server\base-server.js:1018:25)
    at async NextNodeServer.handleCatchallRenderRequest (C:\Users\User\Desktop\farmferry\FarmFerryBackendNew\node_modules\next\dist\server\next-server.js:395:17)
    at async DevServer.handleRequestImpl (C:\Users\User\Desktop\farmferry\FarmFerryBackendNew\node_modules\next\dist\server\base-server.js:909:17)
    at async C:\Users\User\Desktop\farmferry\FarmFerryBackendNew\node_modules\next\dist\server\dev\next-dev-server.js:387:20
    at async Span.traceAsyncFn (C:\Users\User\Desktop\farmferry\FarmFerryBackendNew\node_modules\next\dist\trace\trace.js:157:20)
    at async DevServer.handleRequest (C:\Users\User\Desktop\farmferry\FarmFerryBackendNew\node_modules\next\dist\server\dev\next-dev-server.js:383:24)
    at async invokeRender (C:\Users\User\Desktop\farmferry\FarmFerryBackendNew\node_modules\next\dist\server\lib\router-server.js:248:21)
    at async handleRequest (C:\Users\User\Desktop\farmferry\FarmFerryBackendNew\node_modules\next\dist\server\lib\router-server.js:447:24)
    at async requestHandlerImpl (C:\Users\User\Desktop\farmferry\FarmFerryBackendNew\node_modules\next\dist\server\lib\router-server.js:496:13)
    at async Server.requestListener (C:\Users\User\Desktop\farmferry\FarmFerryBackendNew\node_modules\next\dist\server\lib\start-server.js:226:13)
[2026-01-13T12:37:52.749Z] POST /cart Body: {"productId":"695790b1d6474999013ea19f","quantity":1,"userId":"69663a1f2d2951851c61a050"} | User: 69663a1f2d2951851c61a050
[2026-01-13T12:37:52.924Z] ERROR: Cart validation failed: customer: Path `customer` is required., items.0.totalPrice: Path `totalPrice` is required., items.0.product: Path `product` is required.
Stack: ValidationError: Cart validation failed: customer: Path `customer` is required., items.0.totalPrice: Path `totalPrice` is required., items.0.product: Path `product` is required.
    at Document.invalidate (C:\Users\User\Desktop\farmferry\FarmFerryBackendNew\node_modules\mongoose\lib\document.js:3377:32)
    at validatePath (C:\Users\User\Desktop\farmferry\FarmFerryBackendNew\node_modules\mongoose\lib\document.js:3152:13)
    at process.processTicksAndRejections (node:internal/process/task_queues:105:5)
    at async Promise.all (index 0)
    at async model.$__validate (C:\Users\User\Desktop\farmferry\FarmFerryBackendNew\node_modules\mongoose\lib\document.js:3093:3)
    at async model.validate (C:\Users\User\Desktop\farmferry\FarmFerryBackendNew\node_modules\mongoose\lib\document.js:2670:5)
    at async model.validateBeforeSave (C:\Users\User\Desktop\farmferry\FarmFerryBackendNew\node_modules\mongoose\lib\plugins\validateBeforeSave.js:34:7)
    at async Kareem.execPre (C:\Users\User\Desktop\farmferry\FarmFerryBackendNew\node_modules\kareem\index.js:65:24)
    at async model.$__save (C:\Users\User\Desktop\farmferry\FarmFerryBackendNew\node_modules\mongoose\lib\model.js:369:5)
    at async model.save (C:\Users\User\Desktop\farmferry\FarmFerryBackendNew\node_modules\mongoose\lib\model.js:609:5)
    at async POST (C:\Users\User\Desktop\farmferry\FarmFerryBackendNew\.next\dev\server\chunks\[root-of-the-server]__4363d375._.js:1590:13)
    at async AppRouteRouteModule.do (C:\Users\User\Desktop\farmferry\FarmFerryBackendNew\node_modules\next\dist\compiled\next-server\app-route-turbo.runtime.dev.js:5:37866)
    at async AppRouteRouteModule.handle (C:\Users\User\Desktop\farmferry\FarmFerryBackendNew\node_modules\next\dist\compiled\next-server\app-route-turbo.runtime.dev.js:5:45156)
    at async responseGenerator (C:\Users\User\Desktop\farmferry\FarmFerryBackendNew\.next\dev\server\chunks\[root-of-the-server]__6191ab1b._.js:14877:38)
    at async AppRouteRouteModule.handleResponse (C:\Users\User\Desktop\farmferry\FarmFerryBackendNew\node_modules\next\dist\compiled\next-server\app-route-turbo.runtime.dev.js:1:187713)
    at async handleResponse (C:\Users\User\Desktop\farmferry\FarmFerryBackendNew\.next\dev\server\chunks\[root-of-the-server]__6191ab1b._.js:14940:32)
    at async Module.handler (C:\Users\User\Desktop\farmferry\FarmFerryBackendNew\.next\dev\server\chunks\[root-of-the-server]__6191ab1b._.js:14993:13)
    at async DevServer.renderToResponseWithComponentsImpl (C:\Users\User\Desktop\farmferry\FarmFerryBackendNew\node_modules\next\dist\server\base-server.js:1422:9)
    at async DevServer.renderPageComponent (C:\Users\User\Desktop\farmferry\FarmFerryBackendNew\node_modules\next\dist\server\base-server.js:1474:24)
    at async DevServer.renderToResponseImpl (C:\Users\User\Desktop\farmferry\FarmFerryBackendNew\node_modules\next\dist\server\base-server.js:1524:32)
    at async DevServer.pipeImpl (C:\Users\User\Desktop\farmferry\FarmFerryBackendNew\node_modules\next\dist\server\base-server.js:1018:25)
    at async NextNodeServer.handleCatchallRenderRequest (C:\Users\User\Desktop\farmferry\FarmFerryBackendNew\node_modules\next\dist\server\next-server.js:395:17)
    at async DevServer.handleRequestImpl (C:\Users\User\Desktop\farmferry\FarmFerryBackendNew\node_modules\next\dist\server\base-server.js:909:17)
    at async C:\Users\User\Desktop\farmferry\FarmFerryBackendNew\node_modules\next\dist\server\dev\next-dev-server.js:387:20
    at async Span.traceAsyncFn (C:\Users\User\Desktop\farmferry\FarmFerryBackendNew\node_modules\next\dist\trace\trace.js:157:20)
    at async DevServer.handleRequest (C:\Users\User\Desktop\farmferry\FarmFerryBackendNew\node_modules\next\dist\server\dev\next-dev-server.js:383:24)
    at async invokeRender (C:\Users\User\Desktop\farmferry\FarmFerryBackendNew\node_modules\next\dist\server\lib\router-server.js:248:21)
    at async handleRequest (C:\Users\User\Desktop\farmferry\FarmFerryBackendNew\node_modules\next\dist\server\lib\router-server.js:447:24)
    at async requestHandlerImpl (C:\Users\User\Desktop\farmferry\FarmFerryBackendNew\node_modules\next\dist\server\lib\router-server.js:496:13)
    at async Server.requestListener (C:\Users\User\Desktop\farmferry\FarmFerryBackendNew\node_modules\next\dist\server\lib\start-server.js:226:13)
[2026-01-13T12:38:16.220Z] POST /cart Body: {"productId":"695792cdd6474999013ea1af","quantity":1,"userId":"69663a1f2d2951851c61a050"} | User: 69663a1f2d2951851c61a050
[2026-01-13T12:38:16.378Z] ERROR: Cart validation failed: customer: Path `customer` is required., items.0.totalPrice: Path `totalPrice` is required., items.0.product: Path `product` is required.
Stack: ValidationError: Cart validation failed: customer: Path `customer` is required., items.0.totalPrice: Path `totalPrice` is required., items.0.product: Path `product` is required.
    at Document.invalidate (C:\Users\User\Desktop\farmferry\FarmFerryBackendNew\node_modules\mongoose\lib\document.js:3377:32)
    at validatePath (C:\Users\User\Desktop\farmferry\FarmFerryBackendNew\node_modules\mongoose\lib\document.js:3152:13)
    at process.processTicksAndRejections (node:internal/process/task_queues:105:5)
    at async Promise.all (index 0)
    at async model.$__validate (C:\Users\User\Desktop\farmferry\FarmFerryBackendNew\node_modules\mongoose\lib\document.js:3093:3)
    at async model.validate (C:\Users\User\Desktop\farmferry\FarmFerryBackendNew\node_modules\mongoose\lib\document.js:2670:5)
    at async model.validateBeforeSave (C:\Users\User\Desktop\farmferry\FarmFerryBackendNew\node_modules\mongoose\lib\plugins\validateBeforeSave.js:34:7)
    at async Kareem.execPre (C:\Users\User\Desktop\farmferry\FarmFerryBackendNew\node_modules\kareem\index.js:65:24)
    at async model.$__save (C:\Users\User\Desktop\farmferry\FarmFerryBackendNew\node_modules\mongoose\lib\model.js:369:5)
    at async model.save (C:\Users\User\Desktop\farmferry\FarmFerryBackendNew\node_modules\mongoose\lib\model.js:609:5)
    at async POST (C:\Users\User\Desktop\farmferry\FarmFerryBackendNew\.next\dev\server\chunks\[root-of-the-server]__4363d375._.js:1590:13)
    at async AppRouteRouteModule.do (C:\Users\User\Desktop\farmferry\FarmFerryBackendNew\node_modules\next\dist\compiled\next-server\app-route-turbo.runtime.dev.js:5:37866)
    at async AppRouteRouteModule.handle (C:\Users\User\Desktop\farmferry\FarmFerryBackendNew\node_modules\next\dist\compiled\next-server\app-route-turbo.runtime.dev.js:5:45156)
    at async responseGenerator (C:\Users\User\Desktop\farmferry\FarmFerryBackendNew\.next\dev\server\chunks\[root-of-the-server]__6191ab1b._.js:14877:38)
    at async AppRouteRouteModule.handleResponse (C:\Users\User\Desktop\farmferry\FarmFerryBackendNew\node_modules\next\dist\compiled\next-server\app-route-turbo.runtime.dev.js:1:187713)
    at async handleResponse (C:\Users\User\Desktop\farmferry\FarmFerryBackendNew\.next\dev\server\chunks\[root-of-the-server]__6191ab1b._.js:14940:32)
    at async Module.handler (C:\Users\User\Desktop\farmferry\FarmFerryBackendNew\.next\dev\server\chunks\[root-of-the-server]__6191ab1b._.js:14993:13)
    at async DevServer.renderToResponseWithComponentsImpl (C:\Users\User\Desktop\farmferry\FarmFerryBackendNew\node_modules\next\dist\server\base-server.js:1422:9)
    at async DevServer.renderPageComponent (C:\Users\User\Desktop\farmferry\FarmFerryBackendNew\node_modules\next\dist\server\base-server.js:1474:24)
    at async DevServer.renderToResponseImpl (C:\Users\User\Desktop\farmferry\FarmFerryBackendNew\node_modules\next\dist\server\base-server.js:1524:32)
    at async DevServer.pipeImpl (C:\Users\User\Desktop\farmferry\FarmFerryBackendNew\node_modules\next\dist\server\base-server.js:1018:25)
    at async NextNodeServer.handleCatchallRenderRequest (C:\Users\User\Desktop\farmferry\FarmFerryBackendNew\node_modules\next\dist\server\next-server.js:395:17)
    at async DevServer.handleRequestImpl (C:\Users\User\Desktop\farmferry\FarmFerryBackendNew\node_modules\next\dist\server\base-server.js:909:17)
    at async C:\Users\User\Desktop\farmferry\FarmFerryBackendNew\node_modules\next\dist\server\dev\next-dev-server.js:387:20
    at async Span.traceAsyncFn (C:\Users\User\Desktop\farmferry\FarmFerryBackendNew\node_modules\next\dist\trace\trace.js:157:20)
    at async DevServer.handleRequest (C:\Users\User\Desktop\farmferry\FarmFerryBackendNew\node_modules\next\dist\server\dev\next-dev-server.js:383:24)
    at async invokeRender (C:\Users\User\Desktop\farmferry\FarmFerryBackendNew\node_modules\next\dist\server\lib\router-server.js:248:21)
    at async handleRequest (C:\Users\User\Desktop\farmferry\FarmFerryBackendNew\node_modules\next\dist\server\lib\router-server.js:447:24)
    at async requestHandlerImpl (C:\Users\User\Desktop\farmferry\FarmFerryBackendNew\node_modules\next\dist\server\lib\router-server.js:496:13)
    at async Server.requestListener (C:\Users\User\Desktop\farmferry\FarmFerryBackendNew\node_modules\next\dist\server\lib\start-server.js:226:13)
[2026-01-13T13:10:21.794Z] POST /cart Body: {"productId":"695790b1d6474999013ea19f","quantity":1,"userId":"696643b12d2951851c61a0b0"} | User: 696643b12d2951851c61a0b0
[2026-01-13T13:10:21.967Z] ERROR: Cart validation failed: customer: Path `customer` is required., items.0.totalPrice: Path `totalPrice` is required., items.0.product: Path `product` is required.
Stack: ValidationError: Cart validation failed: customer: Path `customer` is required., items.0.totalPrice: Path `totalPrice` is required., items.0.product: Path `product` is required.
    at Document.invalidate (C:\Users\User\Desktop\farmferry\FarmFerryBackendNew\node_modules\mongoose\lib\document.js:3377:32)
    at validatePath (C:\Users\User\Desktop\farmferry\FarmFerryBackendNew\node_modules\mongoose\lib\document.js:3152:13)
    at process.processTicksAndRejections (node:internal/process/task_queues:105:5)
    at async Promise.all (index 0)
    at async model.$__validate (C:\Users\User\Desktop\farmferry\FarmFerryBackendNew\node_modules\mongoose\lib\document.js:3093:3)
    at async model.validate (C:\Users\User\Desktop\farmferry\FarmFerryBackendNew\node_modules\mongoose\lib\document.js:2670:5)
    at async model.validateBeforeSave (C:\Users\User\Desktop\farmferry\FarmFerryBackendNew\node_modules\mongoose\lib\plugins\validateBeforeSave.js:34:7)
    at async Kareem.execPre (C:\Users\User\Desktop\farmferry\FarmFerryBackendNew\node_modules\kareem\index.js:65:24)
    at async model.$__save (C:\Users\User\Desktop\farmferry\FarmFerryBackendNew\node_modules\mongoose\lib\model.js:369:5)
    at async model.save (C:\Users\User\Desktop\farmferry\FarmFerryBackendNew\node_modules\mongoose\lib\model.js:609:5)
    at async POST (C:\Users\User\Desktop\farmferry\FarmFerryBackendNew\.next\dev\server\chunks\[root-of-the-server]__4363d375._.js:1601:13)
    at async AppRouteRouteModule.do (C:\Users\User\Desktop\farmferry\FarmFerryBackendNew\node_modules\next\dist\compiled\next-server\app-route-turbo.runtime.dev.js:5:37866)
    at async AppRouteRouteModule.handle (C:\Users\User\Desktop\farmferry\FarmFerryBackendNew\node_modules\next\dist\compiled\next-server\app-route-turbo.runtime.dev.js:5:45156)
    at async responseGenerator (C:\Users\User\Desktop\farmferry\FarmFerryBackendNew\.next\dev\server\chunks\[root-of-the-server]__6191ab1b._.js:14877:38)
    at async AppRouteRouteModule.handleResponse (C:\Users\User\Desktop\farmferry\FarmFerryBackendNew\node_modules\next\dist\compiled\next-server\app-route-turbo.runtime.dev.js:1:187713)
    at async handleResponse (C:\Users\User\Desktop\farmferry\FarmFerryBackendNew\.next\dev\server\chunks\[root-of-the-server]__6191ab1b._.js:14940:32)
    at async Module.handler (C:\Users\User\Desktop\farmferry\FarmFerryBackendNew\.next\dev\server\chunks\[root-of-the-server]__6191ab1b._.js:14993:13)
    at async DevServer.renderToResponseWithComponentsImpl (C:\Users\User\Desktop\farmferry\FarmFerryBackendNew\node_modules\next\dist\server\base-server.js:1422:9)
    at async DevServer.renderPageComponent (C:\Users\User\Desktop\farmferry\FarmFerryBackendNew\node_modules\next\dist\server\base-server.js:1474:24)
    at async DevServer.renderToResponseImpl (C:\Users\User\Desktop\farmferry\FarmFerryBackendNew\node_modules\next\dist\server\base-server.js:1524:32)
    at async DevServer.pipeImpl (C:\Users\User\Desktop\farmferry\FarmFerryBackendNew\node_modules\next\dist\server\base-server.js:1018:25)
    at async NextNodeServer.handleCatchallRenderRequest (C:\Users\User\Desktop\farmferry\FarmFerryBackendNew\node_modules\next\dist\server\next-server.js:395:17)
    at async DevServer.handleRequestImpl (C:\Users\User\Desktop\farmferry\FarmFerryBackendNew\node_modules\next\dist\server\base-server.js:909:17)
    at async C:\Users\User\Desktop\farmferry\FarmFerryBackendNew\node_modules\next\dist\server\dev\next-dev-server.js:387:20
    at async Span.traceAsyncFn (C:\Users\User\Desktop\farmferry\FarmFerryBackendNew\node_modules\next\dist\trace\trace.js:157:20)
    at async DevServer.handleRequest (C:\Users\User\Desktop\farmferry\FarmFerryBackendNew\node_modules\next\dist\server\dev\next-dev-server.js:383:24)
    at async invokeRender (C:\Users\User\Desktop\farmferry\FarmFerryBackendNew\node_modules\next\dist\server\lib\router-server.js:248:21)
    at async handleRequest (C:\Users\User\Desktop\farmferry\FarmFerryBackendNew\node_modules\next\dist\server\lib\router-server.js:447:24)
    at async requestHandlerImpl (C:\Users\User\Desktop\farmferry\FarmFerryBackendNew\node_modules\next\dist\server\lib\router-server.js:496:13)
    at async Server.requestListener (C:\Users\User\Desktop\farmferry\FarmFerryBackendNew\node_modules\next\dist\server\lib\start-server.js:226:13)
[2026-01-13T13:11:30.221Z] POST /cart Body: {"productId":"695790b1d6474999013ea19f","quantity":1,"userId":"696643b12d2951851c61a0b0"} | User: 696643b12d2951851c61a0b0
[2026-01-13T13:11:30.401Z] ERROR: Cart validation failed: customer: Path `customer` is required., items.0.totalPrice: Path `totalPrice` is required., items.0.product: Path `product` is required.
Stack: ValidationError: Cart validation failed: customer: Path `customer` is required., items.0.totalPrice: Path `totalPrice` is required., items.0.product: Path `product` is required.
    at Document.invalidate (C:\Users\User\Desktop\farmferry\FarmFerryBackendNew\node_modules\mongoose\lib\document.js:3377:32)
    at validatePath (C:\Users\User\Desktop\farmferry\FarmFerryBackendNew\node_modules\mongoose\lib\document.js:3152:13)
    at process.processTicksAndRejections (node:internal/process/task_queues:105:5)
    at async Promise.all (index 0)
    at async model.$__validate (C:\Users\User\Desktop\farmferry\FarmFerryBackendNew\node_modules\mongoose\lib\document.js:3093:3)
    at async model.validate (C:\Users\User\Desktop\farmferry\FarmFerryBackendNew\node_modules\mongoose\lib\document.js:2670:5)
    at async model.validateBeforeSave (C:\Users\User\Desktop\farmferry\FarmFerryBackendNew\node_modules\mongoose\lib\plugins\validateBeforeSave.js:34:7)
    at async Kareem.execPre (C:\Users\User\Desktop\farmferry\FarmFerryBackendNew\node_modules\kareem\index.js:65:24)
    at async model.$__save (C:\Users\User\Desktop\farmferry\FarmFerryBackendNew\node_modules\mongoose\lib\model.js:369:5)
    at async model.save (C:\Users\User\Desktop\farmferry\FarmFerryBackendNew\node_modules\mongoose\lib\model.js:609:5)
    at async POST (C:\Users\User\Desktop\farmferry\FarmFerryBackendNew\.next\dev\server\chunks\[root-of-the-server]__4363d375._.js:1601:13)
    at async AppRouteRouteModule.do (C:\Users\User\Desktop\farmferry\FarmFerryBackendNew\node_modules\next\dist\compiled\next-server\app-route-turbo.runtime.dev.js:5:37866)
    at async AppRouteRouteModule.handle (C:\Users\User\Desktop\farmferry\FarmFerryBackendNew\node_modules\next\dist\compiled\next-server\app-route-turbo.runtime.dev.js:5:45156)
    at async responseGenerator (C:\Users\User\Desktop\farmferry\FarmFerryBackendNew\.next\dev\server\chunks\[root-of-the-server]__6191ab1b._.js:14877:38)
    at async AppRouteRouteModule.handleResponse (C:\Users\User\Desktop\farmferry\FarmFerryBackendNew\node_modules\next\dist\compiled\next-server\app-route-turbo.runtime.dev.js:1:187713)
    at async handleResponse (C:\Users\User\Desktop\farmferry\FarmFerryBackendNew\.next\dev\server\chunks\[root-of-the-server]__6191ab1b._.js:14940:32)
    at async Module.handler (C:\Users\User\Desktop\farmferry\FarmFerryBackendNew\.next\dev\server\chunks\[root-of-the-server]__6191ab1b._.js:14993:13)
    at async DevServer.renderToResponseWithComponentsImpl (C:\Users\User\Desktop\farmferry\FarmFerryBackendNew\node_modules\next\dist\server\base-server.js:1422:9)
    at async DevServer.renderPageComponent (C:\Users\User\Desktop\farmferry\FarmFerryBackendNew\node_modules\next\dist\server\base-server.js:1474:24)
    at async DevServer.renderToResponseImpl (C:\Users\User\Desktop\farmferry\FarmFerryBackendNew\node_modules\next\dist\server\base-server.js:1524:32)
    at async DevServer.pipeImpl (C:\Users\User\Desktop\farmferry\FarmFerryBackendNew\node_modules\next\dist\server\base-server.js:1018:25)
    at async NextNodeServer.handleCatchallRenderRequest (C:\Users\User\Desktop\farmferry\FarmFerryBackendNew\node_modules\next\dist\server\next-server.js:395:17)
    at async DevServer.handleRequestImpl (C:\Users\User\Desktop\farmferry\FarmFerryBackendNew\node_modules\next\dist\server\base-server.js:909:17)
    at async C:\Users\User\Desktop\farmferry\FarmFerryBackendNew\node_modules\next\dist\server\dev\next-dev-server.js:387:20
    at async Span.traceAsyncFn (C:\Users\User\Desktop\farmferry\FarmFerryBackendNew\node_modules\next\dist\trace\trace.js:157:20)
    at async DevServer.handleRequest (C:\Users\User\Desktop\farmferry\FarmFerryBackendNew\node_modules\next\dist\server\dev\next-dev-server.js:383:24)
    at async invokeRender (C:\Users\User\Desktop\farmferry\FarmFerryBackendNew\node_modules\next\dist\server\lib\router-server.js:248:21)
    at async handleRequest (C:\Users\User\Desktop\farmferry\FarmFerryBackendNew\node_modules\next\dist\server\lib\router-server.js:447:24)
    at async requestHandlerImpl (C:\Users\User\Desktop\farmferry\FarmFerryBackendNew\node_modules\next\dist\server\lib\router-server.js:496:13)
    at async Server.requestListener (C:\Users\User\Desktop\farmferry\FarmFerryBackendNew\node_modules\next\dist\server\lib\start-server.js:226:13)
[2026-01-13T13:13:15.934Z] POST /cart Body: {"productId":"695790b1d6474999013ea19f","quantity":1,"userId":"696643b12d2951851c61a0b0"} | User: 696643b12d2951851c61a0b0
[2026-01-13T13:13:16.080Z] ERROR: Cart validation failed: customer: Path `customer` is required., items.0.totalPrice: Path `totalPrice` is required., items.0.product: Path `product` is required.
Stack: ValidationError: Cart validation failed: customer: Path `customer` is required., items.0.totalPrice: Path `totalPrice` is required., items.0.product: Path `product` is required.
    at Document.invalidate (C:\Users\User\Desktop\farmferry\FarmFerryBackendNew\node_modules\mongoose\lib\document.js:3377:32)
    at validatePath (C:\Users\User\Desktop\farmferry\FarmFerryBackendNew\node_modules\mongoose\lib\document.js:3152:13)
    at process.processTicksAndRejections (node:internal/process/task_queues:105:5)
    at async Promise.all (index 0)
    at async model.$__validate (C:\Users\User\Desktop\farmferry\FarmFerryBackendNew\node_modules\mongoose\lib\document.js:3093:3)
    at async model.validate (C:\Users\User\Desktop\farmferry\FarmFerryBackendNew\node_modules\mongoose\lib\document.js:2670:5)
    at async model.validateBeforeSave (C:\Users\User\Desktop\farmferry\FarmFerryBackendNew\node_modules\mongoose\lib\plugins\validateBeforeSave.js:34:7)
    at async Kareem.execPre (C:\Users\User\Desktop\farmferry\FarmFerryBackendNew\node_modules\kareem\index.js:65:24)
    at async model.$__save (C:\Users\User\Desktop\farmferry\FarmFerryBackendNew\node_modules\mongoose\lib\model.js:369:5)
    at async model.save (C:\Users\User\Desktop\farmferry\FarmFerryBackendNew\node_modules\mongoose\lib\model.js:609:5)
    at async POST (C:\Users\User\Desktop\farmferry\FarmFerryBackendNew\.next\dev\server\chunks\[root-of-the-server]__4363d375._.js:1601:13)
    at async AppRouteRouteModule.do (C:\Users\User\Desktop\farmferry\FarmFerryBackendNew\node_modules\next\dist\compiled\next-server\app-route-turbo.runtime.dev.js:5:37866)
    at async AppRouteRouteModule.handle (C:\Users\User\Desktop\farmferry\FarmFerryBackendNew\node_modules\next\dist\compiled\next-server\app-route-turbo.runtime.dev.js:5:45156)
    at async responseGenerator (C:\Users\User\Desktop\farmferry\FarmFerryBackendNew\.next\dev\server\chunks\[root-of-the-server]__6191ab1b._.js:14877:38)
    at async AppRouteRouteModule.handleResponse (C:\Users\User\Desktop\farmferry\FarmFerryBackendNew\node_modules\next\dist\compiled\next-server\app-route-turbo.runtime.dev.js:1:187713)
    at async handleResponse (C:\Users\User\Desktop\farmferry\FarmFerryBackendNew\.next\dev\server\chunks\[root-of-the-server]__6191ab1b._.js:14940:32)
    at async Module.handler (C:\Users\User\Desktop\farmferry\FarmFerryBackendNew\.next\dev\server\chunks\[root-of-the-server]__6191ab1b._.js:14993:13)
    at async DevServer.renderToResponseWithComponentsImpl (C:\Users\User\Desktop\farmferry\FarmFerryBackendNew\node_modules\next\dist\server\base-server.js:1422:9)
    at async DevServer.renderPageComponent (C:\Users\User\Desktop\farmferry\FarmFerryBackendNew\node_modules\next\dist\server\base-server.js:1474:24)
    at async DevServer.renderToResponseImpl (C:\Users\User\Desktop\farmferry\FarmFerryBackendNew\node_modules\next\dist\server\base-server.js:1524:32)
    at async DevServer.pipeImpl (C:\Users\User\Desktop\farmferry\FarmFerryBackendNew\node_modules\next\dist\server\base-server.js:1018:25)
    at async NextNodeServer.handleCatchallRenderRequest (C:\Users\User\Desktop\farmferry\FarmFerryBackendNew\node_modules\next\dist\server\next-server.js:395:17)
    at async DevServer.handleRequestImpl (C:\Users\User\Desktop\farmferry\FarmFerryBackendNew\node_modules\next\dist\server\base-server.js:909:17)
    at async C:\Users\User\Desktop\farmferry\FarmFerryBackendNew\node_modules\next\dist\server\dev\next-dev-server.js:387:20
    at async Span.traceAsyncFn (C:\Users\User\Desktop\farmferry\FarmFerryBackendNew\node_modules\next\dist\trace\trace.js:157:20)
    at async DevServer.handleRequest (C:\Users\User\Desktop\farmferry\FarmFerryBackendNew\node_modules\next\dist\server\dev\next-dev-server.js:383:24)
    at async invokeRender (C:\Users\User\Desktop\farmferry\FarmFerryBackendNew\node_modules\next\dist\server\lib\router-server.js:248:21)
    at async handleRequest (C:\Users\User\Desktop\farmferry\FarmFerryBackendNew\node_modules\next\dist\server\lib\router-server.js:447:24)
    at async requestHandlerImpl (C:\Users\User\Desktop\farmferry\FarmFerryBackendNew\node_modules\next\dist\server\lib\router-server.js:496:13)
    at async Server.requestListener (C:\Users\User\Desktop\farmferry\FarmFerryBackendNew\node_modules\next\dist\server\lib\start-server.js:226:13)
[2026-01-14T05:45:28.197Z] POST /cart Body: {"productId":"6964cd6b06e5f6aad5f7be8b","quantity":1} | User: 6967263c2d2951851c61b9c9
[2026-01-14T05:46:35.374Z] POST /cart Body: {"productId":"6964cd6b06e5f6aad5f7be8b","quantity":1} | User: 6967263c2d2951851c61b9c9
[2026-01-14T05:47:06.324Z] POST /cart Body: {"productId":"6964cd6b06e5f6aad5f7be8b","quantity":1} | User: 6967263c2d2951851c61b9c9
[2026-01-14T05:47:23.047Z] POST /cart Body: {"productId":"6964cd6b06e5f6aad5f7be8b","quantity":1} | User: 6967263c2d2951851c61b9c9
[2026-01-14T05:58:19.151Z] POST /cart Body: {"productId":"69579384d6474999013ea1b8","quantity":1,"userId":"6967263c2d2951851c61b9c9"} | User: 6967263c2d2951851c61b9c9
[2026-01-14T05:58:19.263Z] ERROR: Cart validation failed: customer: Path `customer` is required., items.0.totalPrice: Path `totalPrice` is required., items.0.product: Path `product` is required.
Stack: ValidationError: Cart validation failed: customer: Path `customer` is required., items.0.totalPrice: Path `totalPrice` is required., items.0.product: Path `product` is required.
    at Document.invalidate (C:\Users\User\Desktop\farmferry\FarmFerryBackendNew\node_modules\mongoose\lib\document.js:3377:32)
    at validatePath (C:\Users\User\Desktop\farmferry\FarmFerryBackendNew\node_modules\mongoose\lib\document.js:3152:13)
    at process.processTicksAndRejections (node:internal/process/task_queues:105:5)
    at async Promise.all (index 0)
    at async model.$__validate (C:\Users\User\Desktop\farmferry\FarmFerryBackendNew\node_modules\mongoose\lib\document.js:3093:3)
    at async model.validate (C:\Users\User\Desktop\farmferry\FarmFerryBackendNew\node_modules\mongoose\lib\document.js:2670:5)
    at async model.validateBeforeSave (C:\Users\User\Desktop\farmferry\FarmFerryBackendNew\node_modules\mongoose\lib\plugins\validateBeforeSave.js:34:7)
    at async Kareem.execPre (C:\Users\User\Desktop\farmferry\FarmFerryBackendNew\node_modules\kareem\index.js:65:24)
    at async model.$__save (C:\Users\User\Desktop\farmferry\FarmFerryBackendNew\node_modules\mongoose\lib\model.js:369:5)
    at async model.save (C:\Users\User\Desktop\farmferry\FarmFerryBackendNew\node_modules\mongoose\lib\model.js:609:5)
    at async POST (C:\Users\User\Desktop\farmferry\FarmFerryBackendNew\.next\dev\server\chunks\[root-of-the-server]__4363d375._.js:1601:13)
    at async AppRouteRouteModule.do (C:\Users\User\Desktop\farmferry\FarmFerryBackendNew\node_modules\next\dist\compiled\next-server\app-route-turbo.runtime.dev.js:5:37866)
    at async AppRouteRouteModule.handle (C:\Users\User\Desktop\farmferry\FarmFerryBackendNew\node_modules\next\dist\compiled\next-server\app-route-turbo.runtime.dev.js:5:45156)
    at async responseGenerator (C:\Users\User\Desktop\farmferry\FarmFerryBackendNew\.next\dev\server\chunks\[root-of-the-server]__6191ab1b._.js:14877:38)
    at async AppRouteRouteModule.handleResponse (C:\Users\User\Desktop\farmferry\FarmFerryBackendNew\node_modules\next\dist\compiled\next-server\app-route-turbo.runtime.dev.js:1:187713)
    at async handleResponse (C:\Users\User\Desktop\farmferry\FarmFerryBackendNew\.next\dev\server\chunks\[root-of-the-server]__6191ab1b._.js:14940:32)
    at async Module.handler (C:\Users\User\Desktop\farmferry\FarmFerryBackendNew\.next\dev\server\chunks\[root-of-the-server]__6191ab1b._.js:14993:13)
    at async DevServer.renderToResponseWithComponentsImpl (C:\Users\User\Desktop\farmferry\FarmFerryBackendNew\node_modules\next\dist\server\base-server.js:1422:9)
    at async DevServer.renderPageComponent (C:\Users\User\Desktop\farmferry\FarmFerryBackendNew\node_modules\next\dist\server\base-server.js:1474:24)
    at async DevServer.renderToResponseImpl (C:\Users\User\Desktop\farmferry\FarmFerryBackendNew\node_modules\next\dist\server\base-server.js:1524:32)
    at async DevServer.pipeImpl (C:\Users\User\Desktop\farmferry\FarmFerryBackendNew\node_modules\next\dist\server\base-server.js:1018:25)
    at async NextNodeServer.handleCatchallRenderRequest (C:\Users\User\Desktop\farmferry\FarmFerryBackendNew\node_modules\next\dist\server\next-server.js:395:17)
    at async DevServer.handleRequestImpl (C:\Users\User\Desktop\farmferry\FarmFerryBackendNew\node_modules\next\dist\server\base-server.js:909:17)
    at async C:\Users\User\Desktop\farmferry\FarmFerryBackendNew\node_modules\next\dist\server\dev\next-dev-server.js:387:20
    at async Span.traceAsyncFn (C:\Users\User\Desktop\farmferry\FarmFerryBackendNew\node_modules\next\dist\trace\trace.js:157:20)
    at async DevServer.handleRequest (C:\Users\User\Desktop\farmferry\FarmFerryBackendNew\node_modules\next\dist\server\dev\next-dev-server.js:383:24)
    at async invokeRender (C:\Users\User\Desktop\farmferry\FarmFerryBackendNew\node_modules\next\dist\server\lib\router-server.js:248:21)
    at async handleRequest (C:\Users\User\Desktop\farmferry\FarmFerryBackendNew\node_modules\next\dist\server\lib\router-server.js:447:24)
    at async requestHandlerImpl (C:\Users\User\Desktop\farmferry\FarmFerryBackendNew\node_modules\next\dist\server\lib\router-server.js:496:13)
    at async Server.requestListener (C:\Users\User\Desktop\farmferry\FarmFerryBackendNew\node_modules\next\dist\server\lib\start-server.js:226:13)
[2026-01-14T05:59:13.364Z] POST /cart Body: {"productId":"69579337d6474999013ea1b5","quantity":1,"userId":"6967263c2d2951851c61b9c9"} | User: 6967263c2d2951851c61b9c9
[2026-01-14T05:59:13.496Z] ERROR: Cart validation failed: customer: Path `customer` is required., items.0.totalPrice: Path `totalPrice` is required., items.0.product: Path `product` is required.
Stack: ValidationError: Cart validation failed: customer: Path `customer` is required., items.0.totalPrice: Path `totalPrice` is required., items.0.product: Path `product` is required.
    at Document.invalidate (C:\Users\User\Desktop\farmferry\FarmFerryBackendNew\node_modules\mongoose\lib\document.js:3377:32)
    at validatePath (C:\Users\User\Desktop\farmferry\FarmFerryBackendNew\node_modules\mongoose\lib\document.js:3152:13)
    at process.processTicksAndRejections (node:internal/process/task_queues:105:5)
    at async Promise.all (index 0)
    at async model.$__validate (C:\Users\User\Desktop\farmferry\FarmFerryBackendNew\node_modules\mongoose\lib\document.js:3093:3)
    at async model.validate (C:\Users\User\Desktop\farmferry\FarmFerryBackendNew\node_modules\mongoose\lib\document.js:2670:5)
    at async model.validateBeforeSave (C:\Users\User\Desktop\farmferry\FarmFerryBackendNew\node_modules\mongoose\lib\plugins\validateBeforeSave.js:34:7)
    at async Kareem.execPre (C:\Users\User\Desktop\farmferry\FarmFerryBackendNew\node_modules\kareem\index.js:65:24)
    at async model.$__save (C:\Users\User\Desktop\farmferry\FarmFerryBackendNew\node_modules\mongoose\lib\model.js:369:5)
    at async model.save (C:\Users\User\Desktop\farmferry\FarmFerryBackendNew\node_modules\mongoose\lib\model.js:609:5)
    at async POST (C:\Users\User\Desktop\farmferry\FarmFerryBackendNew\.next\dev\server\chunks\[root-of-the-server]__4363d375._.js:1601:13)
    at async AppRouteRouteModule.do (C:\Users\User\Desktop\farmferry\FarmFerryBackendNew\node_modules\next\dist\compiled\next-server\app-route-turbo.runtime.dev.js:5:37866)
    at async AppRouteRouteModule.handle (C:\Users\User\Desktop\farmferry\FarmFerryBackendNew\node_modules\next\dist\compiled\next-server\app-route-turbo.runtime.dev.js:5:45156)
    at async responseGenerator (C:\Users\User\Desktop\farmferry\FarmFerryBackendNew\.next\dev\server\chunks\[root-of-the-server]__6191ab1b._.js:14877:38)
    at async AppRouteRouteModule.handleResponse (C:\Users\User\Desktop\farmferry\FarmFerryBackendNew\node_modules\next\dist\compiled\next-server\app-route-turbo.runtime.dev.js:1:187713)
    at async handleResponse (C:\Users\User\Desktop\farmferry\FarmFerryBackendNew\.next\dev\server\chunks\[root-of-the-server]__6191ab1b._.js:14940:32)
    at async Module.handler (C:\Users\User\Desktop\farmferry\FarmFerryBackendNew\.next\dev\server\chunks\[root-of-the-server]__6191ab1b._.js:14993:13)
    at async DevServer.renderToResponseWithComponentsImpl (C:\Users\User\Desktop\farmferry\FarmFerryBackendNew\node_modules\next\dist\server\base-server.js:1422:9)
    at async DevServer.renderPageComponent (C:\Users\User\Desktop\farmferry\FarmFerryBackendNew\node_modules\next\dist\server\base-server.js:1474:24)
    at async DevServer.renderToResponseImpl (C:\Users\User\Desktop\farmferry\FarmFerryBackendNew\node_modules\next\dist\server\base-server.js:1524:32)
    at async DevServer.pipeImpl (C:\Users\User\Desktop\farmferry\FarmFerryBackendNew\node_modules\next\dist\server\base-server.js:1018:25)
    at async NextNodeServer.handleCatchallRenderRequest (C:\Users\User\Desktop\farmferry\FarmFerryBackendNew\node_modules\next\dist\server\next-server.js:395:17)
    at async DevServer.handleRequestImpl (C:\Users\User\Desktop\farmferry\FarmFerryBackendNew\node_modules\next\dist\server\base-server.js:909:17)
    at async C:\Users\User\Desktop\farmferry\FarmFerryBackendNew\node_modules\next\dist\server\dev\next-dev-server.js:387:20
    at async Span.traceAsyncFn (C:\Users\User\Desktop\farmferry\FarmFerryBackendNew\node_modules\next\dist\trace\trace.js:157:20)
    at async DevServer.handleRequest (C:\Users\User\Desktop\farmferry\FarmFerryBackendNew\node_modules\next\dist\server\dev\next-dev-server.js:383:24)
    at async invokeRender (C:\Users\User\Desktop\farmferry\FarmFerryBackendNew\node_modules\next\dist\server\lib\router-server.js:248:21)
    at async handleRequest (C:\Users\User\Desktop\farmferry\FarmFerryBackendNew\node_modules\next\dist\server\lib\router-server.js:447:24)
    at async requestHandlerImpl (C:\Users\User\Desktop\farmferry\FarmFerryBackendNew\node_modules\next\dist\server\lib\router-server.js:496:13)
    at async Server.requestListener (C:\Users\User\Desktop\farmferry\FarmFerryBackendNew\node_modules\next\dist\server\lib\start-server.js:226:13)
[2026-01-14T06:04:57.253Z] POST /cart Body: {"productId":"695790b1d6474999013ea19f","quantity":1,"userId":"6967263c2d2951851c61b9c9"} | User: 6967263c2d2951851c61b9c9
[2026-01-14T06:04:57.350Z] ERROR: Cart validation failed: customer: Path `customer` is required., items.0.totalPrice: Path `totalPrice` is required., items.0.product: Path `product` is required.
Stack: ValidationError: Cart validation failed: customer: Path `customer` is required., items.0.totalPrice: Path `totalPrice` is required., items.0.product: Path `product` is required.
    at Document.invalidate (C:\Users\User\Desktop\farmferry\FarmFerryBackendNew\node_modules\mongoose\lib\document.js:3377:32)
    at validatePath (C:\Users\User\Desktop\farmferry\FarmFerryBackendNew\node_modules\mongoose\lib\document.js:3152:13)
    at process.processTicksAndRejections (node:internal/process/task_queues:105:5)
    at async Promise.all (index 0)
    at async model.$__validate (C:\Users\User\Desktop\farmferry\FarmFerryBackendNew\node_modules\mongoose\lib\document.js:3093:3)
    at async model.validate (C:\Users\User\Desktop\farmferry\FarmFerryBackendNew\node_modules\mongoose\lib\document.js:2670:5)
    at async model.validateBeforeSave (C:\Users\User\Desktop\farmferry\FarmFerryBackendNew\node_modules\mongoose\lib\plugins\validateBeforeSave.js:34:7)
    at async Kareem.execPre (C:\Users\User\Desktop\farmferry\FarmFerryBackendNew\node_modules\kareem\index.js:65:24)
    at async model.$__save (C:\Users\User\Desktop\farmferry\FarmFerryBackendNew\node_modules\mongoose\lib\model.js:369:5)
    at async model.save (C:\Users\User\Desktop\farmferry\FarmFerryBackendNew\node_modules\mongoose\lib\model.js:609:5)
    at async POST (C:\Users\User\Desktop\farmferry\FarmFerryBackendNew\.next\dev\server\chunks\[root-of-the-server]__4363d375._.js:1601:13)
    at async AppRouteRouteModule.do (C:\Users\User\Desktop\farmferry\FarmFerryBackendNew\node_modules\next\dist\compiled\next-server\app-route-turbo.runtime.dev.js:5:37866)
    at async AppRouteRouteModule.handle (C:\Users\User\Desktop\farmferry\FarmFerryBackendNew\node_modules\next\dist\compiled\next-server\app-route-turbo.runtime.dev.js:5:45156)
    at async responseGenerator (C:\Users\User\Desktop\farmferry\FarmFerryBackendNew\.next\dev\server\chunks\[root-of-the-server]__6191ab1b._.js:14877:38)
    at async AppRouteRouteModule.handleResponse (C:\Users\User\Desktop\farmferry\FarmFerryBackendNew\node_modules\next\dist\compiled\next-server\app-route-turbo.runtime.dev.js:1:187713)
    at async handleResponse (C:\Users\User\Desktop\farmferry\FarmFerryBackendNew\.next\dev\server\chunks\[root-of-the-server]__6191ab1b._.js:14940:32)
    at async Module.handler (C:\Users\User\Desktop\farmferry\FarmFerryBackendNew\.next\dev\server\chunks\[root-of-the-server]__6191ab1b._.js:14993:13)
    at async DevServer.renderToResponseWithComponentsImpl (C:\Users\User\Desktop\farmferry\FarmFerryBackendNew\node_modules\next\dist\server\base-server.js:1422:9)
    at async DevServer.renderPageComponent (C:\Users\User\Desktop\farmferry\FarmFerryBackendNew\node_modules\next\dist\server\base-server.js:1474:24)
    at async DevServer.renderToResponseImpl (C:\Users\User\Desktop\farmferry\FarmFerryBackendNew\node_modules\next\dist\server\base-server.js:1524:32)
    at async DevServer.pipeImpl (C:\Users\User\Desktop\farmferry\FarmFerryBackendNew\node_modules\next\dist\server\base-server.js:1018:25)
    at async NextNodeServer.handleCatchallRenderRequest (C:\Users\User\Desktop\farmferry\FarmFerryBackendNew\node_modules\next\dist\server\next-server.js:395:17)
    at async DevServer.handleRequestImpl (C:\Users\User\Desktop\farmferry\FarmFerryBackendNew\node_modules\next\dist\server\base-server.js:909:17)
    at async C:\Users\User\Desktop\farmferry\FarmFerryBackendNew\node_modules\next\dist\server\dev\next-dev-server.js:387:20
    at async Span.traceAsyncFn (C:\Users\User\Desktop\farmferry\FarmFerryBackendNew\node_modules\next\dist\trace\trace.js:157:20)
    at async DevServer.handleRequest (C:\Users\User\Desktop\farmferry\FarmFerryBackendNew\node_modules\next\dist\server\dev\next-dev-server.js:383:24)
    at async invokeRender (C:\Users\User\Desktop\farmferry\FarmFerryBackendNew\node_modules\next\dist\server\lib\router-server.js:248:21)
    at async handleRequest (C:\Users\User\Desktop\farmferry\FarmFerryBackendNew\node_modules\next\dist\server\lib\router-server.js:447:24)
    at async requestHandlerImpl (C:\Users\User\Desktop\farmferry\FarmFerryBackendNew\node_modules\next\dist\server\lib\router-server.js:496:13)
    at async Server.requestListener (C:\Users\User\Desktop\farmferry\FarmFerryBackendNew\node_modules\next\dist\server\lib\start-server.js:226:13)
[2026-01-15T18:23:20.927Z] POST /cart Body: {"productId":"695790b1d6474999013ea19f","quantity":1,"userId":"6967263c2d2951851c61b9c9"} | User: 6967263c2d2951851c61b9c9
[2026-01-15T18:23:21.602Z] ERROR: Cart validation failed: customer: Path `customer` is required., items.0.totalPrice: Path `totalPrice` is required., items.0.product: Path `product` is required.
Stack: ValidationError: Cart validation failed: customer: Path `customer` is required., items.0.totalPrice: Path `totalPrice` is required., items.0.product: Path `product` is required.
    at Document.invalidate (C:\Users\User\Desktop\farmferry\FarmFerryBackendNew\node_modules\mongoose\lib\document.js:3377:32)
    at validatePath (C:\Users\User\Desktop\farmferry\FarmFerryBackendNew\node_modules\mongoose\lib\document.js:3152:13)
    at process.processTicksAndRejections (node:internal/process/task_queues:105:5)
    at async Promise.all (index 0)
    at async model.$__validate (C:\Users\User\Desktop\farmferry\FarmFerryBackendNew\node_modules\mongoose\lib\document.js:3093:3)
    at async model.validate (C:\Users\User\Desktop\farmferry\FarmFerryBackendNew\node_modules\mongoose\lib\document.js:2670:5)
    at async model.validateBeforeSave (C:\Users\User\Desktop\farmferry\FarmFerryBackendNew\node_modules\mongoose\lib\plugins\validateBeforeSave.js:34:7)
    at async Kareem.execPre (C:\Users\User\Desktop\farmferry\FarmFerryBackendNew\node_modules\kareem\index.js:65:24)
    at async model.$__save (C:\Users\User\Desktop\farmferry\FarmFerryBackendNew\node_modules\mongoose\lib\model.js:369:5)
    at async model.save (C:\Users\User\Desktop\farmferry\FarmFerryBackendNew\node_modules\mongoose\lib\model.js:609:5)
    at async POST (C:\Users\User\Desktop\farmferry\FarmFerryBackendNew\.next\dev\server\chunks\[root-of-the-server]__4363d375._.js:1630:13)
    at async AppRouteRouteModule.do (C:\Users\User\Desktop\farmferry\FarmFerryBackendNew\node_modules\next\dist\compiled\next-server\app-route-turbo.runtime.dev.js:5:37866)
    at async AppRouteRouteModule.handle (C:\Users\User\Desktop\farmferry\FarmFerryBackendNew\node_modules\next\dist\compiled\next-server\app-route-turbo.runtime.dev.js:5:45156)
    at async responseGenerator (C:\Users\User\Desktop\farmferry\FarmFerryBackendNew\.next\dev\server\chunks\[root-of-the-server]__5c98ee35._.js:14871:38)
    at async AppRouteRouteModule.handleResponse (C:\Users\User\Desktop\farmferry\FarmFerryBackendNew\node_modules\next\dist\compiled\next-server\app-route-turbo.runtime.dev.js:1:187713)
    at async handleResponse (C:\Users\User\Desktop\farmferry\FarmFerryBackendNew\.next\dev\server\chunks\[root-of-the-server]__5c98ee35._.js:14934:32)
    at async Module.handler (C:\Users\User\Desktop\farmferry\FarmFerryBackendNew\.next\dev\server\chunks\[root-of-the-server]__5c98ee35._.js:14987:13)
    at async DevServer.renderToResponseWithComponentsImpl (C:\Users\User\Desktop\farmferry\FarmFerryBackendNew\node_modules\next\dist\server\base-server.js:1422:9)
    at async DevServer.renderPageComponent (C:\Users\User\Desktop\farmferry\FarmFerryBackendNew\node_modules\next\dist\server\base-server.js:1474:24)
    at async DevServer.renderToResponseImpl (C:\Users\User\Desktop\farmferry\FarmFerryBackendNew\node_modules\next\dist\server\base-server.js:1524:32)
    at async DevServer.pipeImpl (C:\Users\User\Desktop\farmferry\FarmFerryBackendNew\node_modules\next\dist\server\base-server.js:1018:25)
    at async NextNodeServer.handleCatchallRenderRequest (C:\Users\User\Desktop\farmferry\FarmFerryBackendNew\node_modules\next\dist\server\next-server.js:395:17)
    at async DevServer.handleRequestImpl (C:\Users\User\Desktop\farmferry\FarmFerryBackendNew\node_modules\next\dist\server\base-server.js:909:17)
    at async C:\Users\User\Desktop\farmferry\FarmFerryBackendNew\node_modules\next\dist\server\dev\next-dev-server.js:387:20
    at async Span.traceAsyncFn (C:\Users\User\Desktop\farmferry\FarmFerryBackendNew\node_modules\next\dist\trace\trace.js:157:20)
    at async DevServer.handleRequest (C:\Users\User\Desktop\farmferry\FarmFerryBackendNew\node_modules\next\dist\server\dev\next-dev-server.js:383:24)
    at async invokeRender (C:\Users\User\Desktop\farmferry\FarmFerryBackendNew\node_modules\next\dist\server\lib\router-server.js:248:21)
    at async handleRequest (C:\Users\User\Desktop\farmferry\FarmFerryBackendNew\node_modules\next\dist\server\lib\router-server.js:447:24)
    at async requestHandlerImpl (C:\Users\User\Desktop\farmferry\FarmFerryBackendNew\node_modules\next\dist\server\lib\router-server.js:496:13)
    at async Server.requestListener (C:\Users\User\Desktop\farmferry\FarmFerryBackendNew\node_modules\next\dist\server\lib\start-server.js:226:13)
[2026-01-16T05:02:19.172Z] POST /cart Body: {"productId":"6965e1221c667d5b26e6ee44","quantity":1,"userId":"6967263c2d2951851c61b9c9"} | User: 6967263c2d2951851c61b9c9
[2026-01-16T05:02:19.354Z] ERROR: Cart validation failed: customer: Path `customer` is required., items.0.totalPrice: Path `totalPrice` is required., items.0.product: Path `product` is required.
Stack: ValidationError: Cart validation failed: customer: Path `customer` is required., items.0.totalPrice: Path `totalPrice` is required., items.0.product: Path `product` is required.
    at Document.invalidate (C:\Users\User\Desktop\farmferry\FarmFerryBackendNew\node_modules\mongoose\lib\document.js:3377:32)
    at validatePath (C:\Users\User\Desktop\farmferry\FarmFerryBackendNew\node_modules\mongoose\lib\document.js:3152:13)
    at process.processTicksAndRejections (node:internal/process/task_queues:105:5)
    at async Promise.all (index 0)
    at async model.$__validate (C:\Users\User\Desktop\farmferry\FarmFerryBackendNew\node_modules\mongoose\lib\document.js:3093:3)
    at async model.validate (C:\Users\User\Desktop\farmferry\FarmFerryBackendNew\node_modules\mongoose\lib\document.js:2670:5)
    at async model.validateBeforeSave (C:\Users\User\Desktop\farmferry\FarmFerryBackendNew\node_modules\mongoose\lib\plugins\validateBeforeSave.js:34:7)
    at async Kareem.execPre (C:\Users\User\Desktop\farmferry\FarmFerryBackendNew\node_modules\kareem\index.js:65:24)
    at async model.$__save (C:\Users\User\Desktop\farmferry\FarmFerryBackendNew\node_modules\mongoose\lib\model.js:369:5)
    at async model.save (C:\Users\User\Desktop\farmferry\FarmFerryBackendNew\node_modules\mongoose\lib\model.js:609:5)
    at async POST (C:\Users\User\Desktop\farmferry\FarmFerryBackendNew\.next\dev\server\chunks\[root-of-the-server]__4363d375._.js:1630:13)
    at async AppRouteRouteModule.do (C:\Users\User\Desktop\farmferry\FarmFerryBackendNew\node_modules\next\dist\compiled\next-server\app-route-turbo.runtime.dev.js:5:37866)
    at async AppRouteRouteModule.handle (C:\Users\User\Desktop\farmferry\FarmFerryBackendNew\node_modules\next\dist\compiled\next-server\app-route-turbo.runtime.dev.js:5:45156)
    at async responseGenerator (C:\Users\User\Desktop\farmferry\FarmFerryBackendNew\.next\dev\server\chunks\[root-of-the-server]__5c98ee35._.js:14871:38)
    at async AppRouteRouteModule.handleResponse (C:\Users\User\Desktop\farmferry\FarmFerryBackendNew\node_modules\next\dist\compiled\next-server\app-route-turbo.runtime.dev.js:1:187713)
    at async handleResponse (C:\Users\User\Desktop\farmferry\FarmFerryBackendNew\.next\dev\server\chunks\[root-of-the-server]__5c98ee35._.js:14934:32)
    at async Module.handler (C:\Users\User\Desktop\farmferry\FarmFerryBackendNew\.next\dev\server\chunks\[root-of-the-server]__5c98ee35._.js:14987:13)
    at async DevServer.renderToResponseWithComponentsImpl (C:\Users\User\Desktop\farmferry\FarmFerryBackendNew\node_modules\next\dist\server\base-server.js:1422:9)
    at async DevServer.renderPageComponent (C:\Users\User\Desktop\farmferry\FarmFerryBackendNew\node_modules\next\dist\server\base-server.js:1474:24)
    at async DevServer.renderToResponseImpl (C:\Users\User\Desktop\farmferry\FarmFerryBackendNew\node_modules\next\dist\server\base-server.js:1524:32)
    at async DevServer.pipeImpl (C:\Users\User\Desktop\farmferry\FarmFerryBackendNew\node_modules\next\dist\server\base-server.js:1018:25)
    at async NextNodeServer.handleCatchallRenderRequest (C:\Users\User\Desktop\farmferry\FarmFerryBackendNew\node_modules\next\dist\server\next-server.js:395:17)
    at async DevServer.handleRequestImpl (C:\Users\User\Desktop\farmferry\FarmFerryBackendNew\node_modules\next\dist\server\base-server.js:909:17)
    at async C:\Users\User\Desktop\farmferry\FarmFerryBackendNew\node_modules\next\dist\server\dev\next-dev-server.js:387:20
    at async Span.traceAsyncFn (C:\Users\User\Desktop\farmferry\FarmFerryBackendNew\node_modules\next\dist\trace\trace.js:157:20)
    at async DevServer.handleRequest (C:\Users\User\Desktop\farmferry\FarmFerryBackendNew\node_modules\next\dist\server\dev\next-dev-server.js:383:24)
    at async invokeRender (C:\Users\User\Desktop\farmferry\FarmFerryBackendNew\node_modules\next\dist\server\lib\router-server.js:248:21)
    at async handleRequest (C:\Users\User\Desktop\farmferry\FarmFerryBackendNew\node_modules\next\dist\server\lib\router-server.js:447:24)
    at async requestHandlerImpl (C:\Users\User\Desktop\farmferry\FarmFerryBackendNew\node_modules\next\dist\server\lib\router-server.js:496:13)
    at async Server.requestListener (C:\Users\User\Desktop\farmferry\FarmFerryBackendNew\node_modules\next\dist\server\lib\start-server.js:226:13)
[2026-01-16T05:03:06.149Z] POST /cart Body: {"productId":"695790b1d6474999013ea19f","quantity":1,"userId":"6967263c2d2951851c61b9c9"} | User: 6967263c2d2951851c61b9c9
[2026-01-16T05:03:06.583Z] POST /cart Body: {"productId":"6965e1201c667d5b26e6ee40","quantity":1,"userId":"6967263c2d2951851c61b9c9"} | User: 6967263c2d2951851c61b9c9
[2026-01-16T05:03:06.651Z] POST /cart Body: {"productId":"6965e1221c667d5b26e6ee44","quantity":1,"userId":"6967263c2d2951851c61b9c9"} | User: 6967263c2d2951851c61b9c9
[2026-01-16T05:03:06.704Z] ERROR: Cart validation failed: customer: Path `customer` is required., items.0.totalPrice: Path `totalPrice` is required., items.0.product: Path `product` is required.
Stack: ValidationError: Cart validation failed: customer: Path `customer` is required., items.0.totalPrice: Path `totalPrice` is required., items.0.product: Path `product` is required.
    at Document.invalidate (C:\Users\User\Desktop\farmferry\FarmFerryBackendNew\node_modules\mongoose\lib\document.js:3377:32)
    at validatePath (C:\Users\User\Desktop\farmferry\FarmFerryBackendNew\node_modules\mongoose\lib\document.js:3152:13)
    at process.processTicksAndRejections (node:internal/process/task_queues:105:5)
    at async Promise.all (index 0)
    at async model.$__validate (C:\Users\User\Desktop\farmferry\FarmFerryBackendNew\node_modules\mongoose\lib\document.js:3093:3)
    at async model.validate (C:\Users\User\Desktop\farmferry\FarmFerryBackendNew\node_modules\mongoose\lib\document.js:2670:5)
    at async model.validateBeforeSave (C:\Users\User\Desktop\farmferry\FarmFerryBackendNew\node_modules\mongoose\lib\plugins\validateBeforeSave.js:34:7)
    at async Kareem.execPre (C:\Users\User\Desktop\farmferry\FarmFerryBackendNew\node_modules\kareem\index.js:65:24)
    at async model.$__save (C:\Users\User\Desktop\farmferry\FarmFerryBackendNew\node_modules\mongoose\lib\model.js:369:5)
    at async model.save (C:\Users\User\Desktop\farmferry\FarmFerryBackendNew\node_modules\mongoose\lib\model.js:609:5)
    at async POST (C:\Users\User\Desktop\farmferry\FarmFerryBackendNew\.next\dev\server\chunks\[root-of-the-server]__4363d375._.js:1630:13)
    at async AppRouteRouteModule.do (C:\Users\User\Desktop\farmferry\FarmFerryBackendNew\node_modules\next\dist\compiled\next-server\app-route-turbo.runtime.dev.js:5:37866)
    at async AppRouteRouteModule.handle (C:\Users\User\Desktop\farmferry\FarmFerryBackendNew\node_modules\next\dist\compiled\next-server\app-route-turbo.runtime.dev.js:5:45156)
    at async responseGenerator (C:\Users\User\Desktop\farmferry\FarmFerryBackendNew\.next\dev\server\chunks\[root-of-the-server]__5c98ee35._.js:14871:38)
    at async AppRouteRouteModule.handleResponse (C:\Users\User\Desktop\farmferry\FarmFerryBackendNew\node_modules\next\dist\compiled\next-server\app-route-turbo.runtime.dev.js:1:187713)
    at async handleResponse (C:\Users\User\Desktop\farmferry\FarmFerryBackendNew\.next\dev\server\chunks\[root-of-the-server]__5c98ee35._.js:14934:32)
    at async Module.handler (C:\Users\User\Desktop\farmferry\FarmFerryBackendNew\.next\dev\server\chunks\[root-of-the-server]__5c98ee35._.js:14987:13)
    at async DevServer.renderToResponseWithComponentsImpl (C:\Users\User\Desktop\farmferry\FarmFerryBackendNew\node_modules\next\dist\server\base-server.js:1422:9)
    at async DevServer.renderPageComponent (C:\Users\User\Desktop\farmferry\FarmFerryBackendNew\node_modules\next\dist\server\base-server.js:1474:24)
    at async DevServer.renderToResponseImpl (C:\Users\User\Desktop\farmferry\FarmFerryBackendNew\node_modules\next\dist\server\base-server.js:1524:32)
    at async DevServer.pipeImpl (C:\Users\User\Desktop\farmferry\FarmFerryBackendNew\node_modules\next\dist\server\base-server.js:1018:25)
    at async NextNodeServer.handleCatchallRenderRequest (C:\Users\User\Desktop\farmferry\FarmFerryBackendNew\node_modules\next\dist\server\next-server.js:395:17)
    at async DevServer.handleRequestImpl (C:\Users\User\Desktop\farmferry\FarmFerryBackendNew\node_modules\next\dist\server\base-server.js:909:17)
    at async C:\Users\User\Desktop\farmferry\FarmFerryBackendNew\node_modules\next\dist\server\dev\next-dev-server.js:387:20
    at async Span.traceAsyncFn (C:\Users\User\Desktop\farmferry\FarmFerryBackendNew\node_modules\next\dist\trace\trace.js:157:20)
    at async DevServer.handleRequest (C:\Users\User\Desktop\farmferry\FarmFerryBackendNew\node_modules\next\dist\server\dev\next-dev-server.js:383:24)
    at async invokeRender (C:\Users\User\Desktop\farmferry\FarmFerryBackendNew\node_modules\next\dist\server\lib\router-server.js:248:21)
    at async handleRequest (C:\Users\User\Desktop\farmferry\FarmFerryBackendNew\node_modules\next\dist\server\lib\router-server.js:447:24)
    at async requestHandlerImpl (C:\Users\User\Desktop\farmferry\FarmFerryBackendNew\node_modules\next\dist\server\lib\router-server.js:496:13)
    at async Server.requestListener (C:\Users\User\Desktop\farmferry\FarmFerryBackendNew\node_modules\next\dist\server\lib\start-server.js:226:13)
[2026-01-16T05:03:09.547Z] ERROR: Cart validation failed: customer: Path `customer` is required., items.0.totalPrice: Path `totalPrice` is required., items.0.product: Path `product` is required.
Stack: ValidationError: Cart validation failed: customer: Path `customer` is required., items.0.totalPrice: Path `totalPrice` is required., items.0.product: Path `product` is required.
    at Document.invalidate (C:\Users\User\Desktop\farmferry\FarmFerryBackendNew\node_modules\mongoose\lib\document.js:3377:32)
    at validatePath (C:\Users\User\Desktop\farmferry\FarmFerryBackendNew\node_modules\mongoose\lib\document.js:3152:13)
    at process.processTicksAndRejections (node:internal/process/task_queues:105:5)
    at async Promise.all (index 0)
    at async model.$__validate (C:\Users\User\Desktop\farmferry\FarmFerryBackendNew\node_modules\mongoose\lib\document.js:3093:3)
    at async model.validate (C:\Users\User\Desktop\farmferry\FarmFerryBackendNew\node_modules\mongoose\lib\document.js:2670:5)
    at async model.validateBeforeSave (C:\Users\User\Desktop\farmferry\FarmFerryBackendNew\node_modules\mongoose\lib\plugins\validateBeforeSave.js:34:7)
    at async Kareem.execPre (C:\Users\User\Desktop\farmferry\FarmFerryBackendNew\node_modules\kareem\index.js:65:24)
    at async model.$__save (C:\Users\User\Desktop\farmferry\FarmFerryBackendNew\node_modules\mongoose\lib\model.js:369:5)
    at async model.save (C:\Users\User\Desktop\farmferry\FarmFerryBackendNew\node_modules\mongoose\lib\model.js:609:5)
    at async POST (C:\Users\User\Desktop\farmferry\FarmFerryBackendNew\.next\dev\server\chunks\[root-of-the-server]__4363d375._.js:1630:13)
    at async AppRouteRouteModule.do (C:\Users\User\Desktop\farmferry\FarmFerryBackendNew\node_modules\next\dist\compiled\next-server\app-route-turbo.runtime.dev.js:5:37866)
    at async AppRouteRouteModule.handle (C:\Users\User\Desktop\farmferry\FarmFerryBackendNew\node_modules\next\dist\compiled\next-server\app-route-turbo.runtime.dev.js:5:45156)
    at async responseGenerator (C:\Users\User\Desktop\farmferry\FarmFerryBackendNew\.next\dev\server\chunks\[root-of-the-server]__5c98ee35._.js:14871:38)
    at async AppRouteRouteModule.handleResponse (C:\Users\User\Desktop\farmferry\FarmFerryBackendNew\node_modules\next\dist\compiled\next-server\app-route-turbo.runtime.dev.js:1:187713)
    at async handleResponse (C:\Users\User\Desktop\farmferry\FarmFerryBackendNew\.next\dev\server\chunks\[root-of-the-server]__5c98ee35._.js:14934:32)
    at async Module.handler (C:\Users\User\Desktop\farmferry\FarmFerryBackendNew\.next\dev\server\chunks\[root-of-the-server]__5c98ee35._.js:14987:13)
    at async DevServer.renderToResponseWithComponentsImpl (C:\Users\User\Desktop\farmferry\FarmFerryBackendNew\node_modules\next\dist\server\base-server.js:1422:9)
    at async DevServer.renderPageComponent (C:\Users\User\Desktop\farmferry\FarmFerryBackendNew\node_modules\next\dist\server\base-server.js:1474:24)
    at async DevServer.renderToResponseImpl (C:\Users\User\Desktop\farmferry\FarmFerryBackendNew\node_modules\next\dist\server\base-server.js:1524:32)
    at async DevServer.pipeImpl (C:\Users\User\Desktop\farmferry\FarmFerryBackendNew\node_modules\next\dist\server\base-server.js:1018:25)
    at async NextNodeServer.handleCatchallRenderRequest (C:\Users\User\Desktop\farmferry\FarmFerryBackendNew\node_modules\next\dist\server\next-server.js:395:17)
    at async DevServer.handleRequestImpl (C:\Users\User\Desktop\farmferry\FarmFerryBackendNew\node_modules\next\dist\server\base-server.js:909:17)
    at async C:\Users\User\Desktop\farmferry\FarmFerryBackendNew\node_modules\next\dist\server\dev\next-dev-server.js:387:20
    at async Span.traceAsyncFn (C:\Users\User\Desktop\farmferry\FarmFerryBackendNew\node_modules\next\dist\trace\trace.js:157:20)
    at async DevServer.handleRequest (C:\Users\User\Desktop\farmferry\FarmFerryBackendNew\node_modules\next\dist\server\dev\next-dev-server.js:383:24)
    at async invokeRender (C:\Users\User\Desktop\farmferry\FarmFerryBackendNew\node_modules\next\dist\server\lib\router-server.js:248:21)
    at async handleRequest (C:\Users\User\Desktop\farmferry\FarmFerryBackendNew\node_modules\next\dist\server\lib\router-server.js:447:24)
    at async requestHandlerImpl (C:\Users\User\Desktop\farmferry\FarmFerryBackendNew\node_modules\next\dist\server\lib\router-server.js:496:13)
    at async Server.requestListener (C:\Users\User\Desktop\farmferry\FarmFerryBackendNew\node_modules\next\dist\server\lib\start-server.js:226:13)
[2026-01-16T05:03:11.362Z] POST /cart Body: {"productId":"6965e11d1c667d5b26e6ee3c","quantity":1,"userId":"6967263c2d2951851c61b9c9"} | User: 6967263c2d2951851c61b9c9
[2026-01-16T05:03:11.390Z] POST /cart Body: {"productId":"695792cdd6474999013ea1af","quantity":1,"userId":"6967263c2d2951851c61b9c9"} | User: 6967263c2d2951851c61b9c9
[2026-01-16T05:03:11.549Z] ERROR: Cart validation failed: customer: Path `customer` is required., items.0.totalPrice: Path `totalPrice` is required., items.0.product: Path `product` is required.
Stack: ValidationError: Cart validation failed: customer: Path `customer` is required., items.0.totalPrice: Path `totalPrice` is required., items.0.product: Path `product` is required.
    at Document.invalidate (C:\Users\User\Desktop\farmferry\FarmFerryBackendNew\node_modules\mongoose\lib\document.js:3377:32)
    at validatePath (C:\Users\User\Desktop\farmferry\FarmFerryBackendNew\node_modules\mongoose\lib\document.js:3152:13)
    at process.processTicksAndRejections (node:internal/process/task_queues:105:5)
    at async Promise.all (index 0)
    at async model.$__validate (C:\Users\User\Desktop\farmferry\FarmFerryBackendNew\node_modules\mongoose\lib\document.js:3093:3)
    at async model.validate (C:\Users\User\Desktop\farmferry\FarmFerryBackendNew\node_modules\mongoose\lib\document.js:2670:5)
    at async model.validateBeforeSave (C:\Users\User\Desktop\farmferry\FarmFerryBackendNew\node_modules\mongoose\lib\plugins\validateBeforeSave.js:34:7)
    at async Kareem.execPre (C:\Users\User\Desktop\farmferry\FarmFerryBackendNew\node_modules\kareem\index.js:65:24)
    at async model.$__save (C:\Users\User\Desktop\farmferry\FarmFerryBackendNew\node_modules\mongoose\lib\model.js:369:5)
    at async model.save (C:\Users\User\Desktop\farmferry\FarmFerryBackendNew\node_modules\mongoose\lib\model.js:609:5)
    at async POST (C:\Users\User\Desktop\farmferry\FarmFerryBackendNew\.next\dev\server\chunks\[root-of-the-server]__4363d375._.js:1630:13)
    at async AppRouteRouteModule.do (C:\Users\User\Desktop\farmferry\FarmFerryBackendNew\node_modules\next\dist\compiled\next-server\app-route-turbo.runtime.dev.js:5:37866)
    at async AppRouteRouteModule.handle (C:\Users\User\Desktop\farmferry\FarmFerryBackendNew\node_modules\next\dist\compiled\next-server\app-route-turbo.runtime.dev.js:5:45156)
    at async responseGenerator (C:\Users\User\Desktop\farmferry\FarmFerryBackendNew\.next\dev\server\chunks\[root-of-the-server]__5c98ee35._.js:14871:38)
    at async AppRouteRouteModule.handleResponse (C:\Users\User\Desktop\farmferry\FarmFerryBackendNew\node_modules\next\dist\compiled\next-server\app-route-turbo.runtime.dev.js:1:187713)
    at async handleResponse (C:\Users\User\Desktop\farmferry\FarmFerryBackendNew\.next\dev\server\chunks\[root-of-the-server]__5c98ee35._.js:14934:32)
    at async Module.handler (C:\Users\User\Desktop\farmferry\FarmFerryBackendNew\.next\dev\server\chunks\[root-of-the-server]__5c98ee35._.js:14987:13)
    at async DevServer.renderToResponseWithComponentsImpl (C:\Users\User\Desktop\farmferry\FarmFerryBackendNew\node_modules\next\dist\server\base-server.js:1422:9)
    at async DevServer.renderPageComponent (C:\Users\User\Desktop\farmferry\FarmFerryBackendNew\node_modules\next\dist\server\base-server.js:1474:24)
    at async DevServer.renderToResponseImpl (C:\Users\User\Desktop\farmferry\FarmFerryBackendNew\node_modules\next\dist\server\base-server.js:1524:32)
    at async DevServer.pipeImpl (C:\Users\User\Desktop\farmferry\FarmFerryBackendNew\node_modules\next\dist\server\base-server.js:1018:25)
    at async NextNodeServer.handleCatchallRenderRequest (C:\Users\User\Desktop\farmferry\FarmFerryBackendNew\node_modules\next\dist\server\next-server.js:395:17)
    at async DevServer.handleRequestImpl (C:\Users\User\Desktop\farmferry\FarmFerryBackendNew\node_modules\next\dist\server\base-server.js:909:17)
    at async C:\Users\User\Desktop\farmferry\FarmFerryBackendNew\node_modules\next\dist\server\dev\next-dev-server.js:387:20
    at async Span.traceAsyncFn (C:\Users\User\Desktop\farmferry\FarmFerryBackendNew\node_modules\next\dist\trace\trace.js:157:20)
    at async DevServer.handleRequest (C:\Users\User\Desktop\farmferry\FarmFerryBackendNew\node_modules\next\dist\server\dev\next-dev-server.js:383:24)
    at async invokeRender (C:\Users\User\Desktop\farmferry\FarmFerryBackendNew\node_modules\next\dist\server\lib\router-server.js:248:21)
    at async handleRequest (C:\Users\User\Desktop\farmferry\FarmFerryBackendNew\node_modules\next\dist\server\lib\router-server.js:447:24)
    at async requestHandlerImpl (C:\Users\User\Desktop\farmferry\FarmFerryBackendNew\node_modules\next\dist\server\lib\router-server.js:496:13)
    at async Server.requestListener (C:\Users\User\Desktop\farmferry\FarmFerryBackendNew\node_modules\next\dist\server\lib\start-server.js:226:13)
[2026-01-16T05:03:13.164Z] ERROR: Cart validation failed: customer: Path `customer` is required., items.0.totalPrice: Path `totalPrice` is required., items.0.product: Path `product` is required.
Stack: ValidationError: Cart validation failed: customer: Path `customer` is required., items.0.totalPrice: Path `totalPrice` is required., items.0.product: Path `product` is required.
    at Document.invalidate (C:\Users\User\Desktop\farmferry\FarmFerryBackendNew\node_modules\mongoose\lib\document.js:3377:32)
    at validatePath (C:\Users\User\Desktop\farmferry\FarmFerryBackendNew\node_modules\mongoose\lib\document.js:3152:13)
    at process.processTicksAndRejections (node:internal/process/task_queues:105:5)
    at async Promise.all (index 0)
    at async model.$__validate (C:\Users\User\Desktop\farmferry\FarmFerryBackendNew\node_modules\mongoose\lib\document.js:3093:3)
    at async model.validate (C:\Users\User\Desktop\farmferry\FarmFerryBackendNew\node_modules\mongoose\lib\document.js:2670:5)
    at async model.validateBeforeSave (C:\Users\User\Desktop\farmferry\FarmFerryBackendNew\node_modules\mongoose\lib\plugins\validateBeforeSave.js:34:7)
    at async Kareem.execPre (C:\Users\User\Desktop\farmferry\FarmFerryBackendNew\node_modules\kareem\index.js:65:24)
    at async model.$__save (C:\Users\User\Desktop\farmferry\FarmFerryBackendNew\node_modules\mongoose\lib\model.js:369:5)
    at async model.save (C:\Users\User\Desktop\farmferry\FarmFerryBackendNew\node_modules\mongoose\lib\model.js:609:5)
    at async POST (C:\Users\User\Desktop\farmferry\FarmFerryBackendNew\.next\dev\server\chunks\[root-of-the-server]__4363d375._.js:1630:13)
    at async AppRouteRouteModule.do (C:\Users\User\Desktop\farmferry\FarmFerryBackendNew\node_modules\next\dist\compiled\next-server\app-route-turbo.runtime.dev.js:5:37866)
    at async AppRouteRouteModule.handle (C:\Users\User\Desktop\farmferry\FarmFerryBackendNew\node_modules\next\dist\compiled\next-server\app-route-turbo.runtime.dev.js:5:45156)
    at async responseGenerator (C:\Users\User\Desktop\farmferry\FarmFerryBackendNew\.next\dev\server\chunks\[root-of-the-server]__5c98ee35._.js:14871:38)
    at async AppRouteRouteModule.handleResponse (C:\Users\User\Desktop\farmferry\FarmFerryBackendNew\node_modules\next\dist\compiled\next-server\app-route-turbo.runtime.dev.js:1:187713)
    at async handleResponse (C:\Users\User\Desktop\farmferry\FarmFerryBackendNew\.next\dev\server\chunks\[root-of-the-server]__5c98ee35._.js:14934:32)
    at async Module.handler (C:\Users\User\Desktop\farmferry\FarmFerryBackendNew\.next\dev\server\chunks\[root-of-the-server]__5c98ee35._.js:14987:13)
    at async DevServer.renderToResponseWithComponentsImpl (C:\Users\User\Desktop\farmferry\FarmFerryBackendNew\node_modules\next\dist\server\base-server.js:1422:9)
    at async DevServer.renderPageComponent (C:\Users\User\Desktop\farmferry\FarmFerryBackendNew\node_modules\next\dist\server\base-server.js:1474:24)
    at async DevServer.renderToResponseImpl (C:\Users\User\Desktop\farmferry\FarmFerryBackendNew\node_modules\next\dist\server\base-server.js:1524:32)
    at async DevServer.pipeImpl (C:\Users\User\Desktop\farmferry\FarmFerryBackendNew\node_modules\next\dist\server\base-server.js:1018:25)
    at async NextNodeServer.handleCatchallRenderRequest (C:\Users\User\Desktop\farmferry\FarmFerryBackendNew\node_modules\next\dist\server\next-server.js:395:17)
    at async DevServer.handleRequestImpl (C:\Users\User\Desktop\farmferry\FarmFerryBackendNew\node_modules\next\dist\server\base-server.js:909:17)
    at async C:\Users\User\Desktop\farmferry\FarmFerryBackendNew\node_modules\next\dist\server\dev\next-dev-server.js:387:20
    at async Span.traceAsyncFn (C:\Users\User\Desktop\farmferry\FarmFerryBackendNew\node_modules\next\dist\trace\trace.js:157:20)
    at async DevServer.handleRequest (C:\Users\User\Desktop\farmferry\FarmFerryBackendNew\node_modules\next\dist\server\dev\next-dev-server.js:383:24)
    at async invokeRender (C:\Users\User\Desktop\farmferry\FarmFerryBackendNew\node_modules\next\dist\server\lib\router-server.js:248:21)
    at async handleRequest (C:\Users\User\Desktop\farmferry\FarmFerryBackendNew\node_modules\next\dist\server\lib\router-server.js:447:24)
    at async requestHandlerImpl (C:\Users\User\Desktop\farmferry\FarmFerryBackendNew\node_modules\next\dist\server\lib\router-server.js:496:13)
    at async Server.requestListener (C:\Users\User\Desktop\farmferry\FarmFerryBackendNew\node_modules\next\dist\server\lib\start-server.js:226:13)
[2026-01-16T05:03:14.687Z] ERROR: Cart validation failed: customer: Path `customer` is required., items.0.totalPrice: Path `totalPrice` is required., items.0.product: Path `product` is required.
Stack: ValidationError: Cart validation failed: customer: Path `customer` is required., items.0.totalPrice: Path `totalPrice` is required., items.0.product: Path `product` is required.
    at Document.invalidate (C:\Users\User\Desktop\farmferry\FarmFerryBackendNew\node_modules\mongoose\lib\document.js:3377:32)
    at validatePath (C:\Users\User\Desktop\farmferry\FarmFerryBackendNew\node_modules\mongoose\lib\document.js:3152:13)
    at process.processTicksAndRejections (node:internal/process/task_queues:105:5)
    at async Promise.all (index 0)
    at async model.$__validate (C:\Users\User\Desktop\farmferry\FarmFerryBackendNew\node_modules\mongoose\lib\document.js:3093:3)
    at async model.validate (C:\Users\User\Desktop\farmferry\FarmFerryBackendNew\node_modules\mongoose\lib\document.js:2670:5)
    at async model.validateBeforeSave (C:\Users\User\Desktop\farmferry\FarmFerryBackendNew\node_modules\mongoose\lib\plugins\validateBeforeSave.js:34:7)
    at async Kareem.execPre (C:\Users\User\Desktop\farmferry\FarmFerryBackendNew\node_modules\kareem\index.js:65:24)
    at async model.$__save (C:\Users\User\Desktop\farmferry\FarmFerryBackendNew\node_modules\mongoose\lib\model.js:369:5)
    at async model.save (C:\Users\User\Desktop\farmferry\FarmFerryBackendNew\node_modules\mongoose\lib\model.js:609:5)
    at async POST (C:\Users\User\Desktop\farmferry\FarmFerryBackendNew\.next\dev\server\chunks\[root-of-the-server]__4363d375._.js:1630:13)
    at async AppRouteRouteModule.do (C:\Users\User\Desktop\farmferry\FarmFerryBackendNew\node_modules\next\dist\compiled\next-server\app-route-turbo.runtime.dev.js:5:37866)
    at async AppRouteRouteModule.handle (C:\Users\User\Desktop\farmferry\FarmFerryBackendNew\node_modules\next\dist\compiled\next-server\app-route-turbo.runtime.dev.js:5:45156)
    at async responseGenerator (C:\Users\User\Desktop\farmferry\FarmFerryBackendNew\.next\dev\server\chunks\[root-of-the-server]__5c98ee35._.js:14871:38)
    at async AppRouteRouteModule.handleResponse (C:\Users\User\Desktop\farmferry\FarmFerryBackendNew\node_modules\next\dist\compiled\next-server\app-route-turbo.runtime.dev.js:1:187713)
    at async handleResponse (C:\Users\User\Desktop\farmferry\FarmFerryBackendNew\.next\dev\server\chunks\[root-of-the-server]__5c98ee35._.js:14934:32)
    at async Module.handler (C:\Users\User\Desktop\farmferry\FarmFerryBackendNew\.next\dev\server\chunks\[root-of-the-server]__5c98ee35._.js:14987:13)
    at async DevServer.renderToResponseWithComponentsImpl (C:\Users\User\Desktop\farmferry\FarmFerryBackendNew\node_modules\next\dist\server\base-server.js:1422:9)
    at async DevServer.renderPageComponent (C:\Users\User\Desktop\farmferry\FarmFerryBackendNew\node_modules\next\dist\server\base-server.js:1474:24)
    at async DevServer.renderToResponseImpl (C:\Users\User\Desktop\farmferry\FarmFerryBackendNew\node_modules\next\dist\server\base-server.js:1524:32)
    at async DevServer.pipeImpl (C:\Users\User\Desktop\farmferry\FarmFerryBackendNew\node_modules\next\dist\server\base-server.js:1018:25)
    at async NextNodeServer.handleCatchallRenderRequest (C:\Users\User\Desktop\farmferry\FarmFerryBackendNew\node_modules\next\dist\server\next-server.js:395:17)
    at async DevServer.handleRequestImpl (C:\Users\User\Desktop\farmferry\FarmFerryBackendNew\node_modules\next\dist\server\base-server.js:909:17)
    at async C:\Users\User\Desktop\farmferry\FarmFerryBackendNew\node_modules\next\dist\server\dev\next-dev-server.js:387:20
    at async Span.traceAsyncFn (C:\Users\User\Desktop\farmferry\FarmFerryBackendNew\node_modules\next\dist\trace\trace.js:157:20)
    at async DevServer.handleRequest (C:\Users\User\Desktop\farmferry\FarmFerryBackendNew\node_modules\next\dist\server\dev\next-dev-server.js:383:24)
    at async invokeRender (C:\Users\User\Desktop\farmferry\FarmFerryBackendNew\node_modules\next\dist\server\lib\router-server.js:248:21)
    at async handleRequest (C:\Users\User\Desktop\farmferry\FarmFerryBackendNew\node_modules\next\dist\server\lib\router-server.js:447:24)
    at async requestHandlerImpl (C:\Users\User\Desktop\farmferry\FarmFerryBackendNew\node_modules\next\dist\server\lib\router-server.js:496:13)
    at async Server.requestListener (C:\Users\User\Desktop\farmferry\FarmFerryBackendNew\node_modules\next\dist\server\lib\start-server.js:226:13)
[2026-01-16T05:06:14.048Z] POST /cart Body: {"productId":"695790b1d6474999013ea19f","quantity":1,"userId":"6967263c2d2951851c61b9c9"} | User: 6967263c2d2951851c61b9c9
[2026-01-16T05:06:14.139Z] ERROR: Cart validation failed: customer: Path `customer` is required., items.0.totalPrice: Path `totalPrice` is required., items.0.product: Path `product` is required.
Stack: ValidationError: Cart validation failed: customer: Path `customer` is required., items.0.totalPrice: Path `totalPrice` is required., items.0.product: Path `product` is required.
    at Document.invalidate (C:\Users\User\Desktop\farmferry\FarmFerryBackendNew\node_modules\mongoose\lib\document.js:3377:32)
    at validatePath (C:\Users\User\Desktop\farmferry\FarmFerryBackendNew\node_modules\mongoose\lib\document.js:3152:13)
    at process.processTicksAndRejections (node:internal/process/task_queues:105:5)
    at async Promise.all (index 0)
    at async model.$__validate (C:\Users\User\Desktop\farmferry\FarmFerryBackendNew\node_modules\mongoose\lib\document.js:3093:3)
    at async model.validate (C:\Users\User\Desktop\farmferry\FarmFerryBackendNew\node_modules\mongoose\lib\document.js:2670:5)
    at async model.validateBeforeSave (C:\Users\User\Desktop\farmferry\FarmFerryBackendNew\node_modules\mongoose\lib\plugins\validateBeforeSave.js:34:7)
    at async Kareem.execPre (C:\Users\User\Desktop\farmferry\FarmFerryBackendNew\node_modules\kareem\index.js:65:24)
    at async model.$__save (C:\Users\User\Desktop\farmferry\FarmFerryBackendNew\node_modules\mongoose\lib\model.js:369:5)
    at async model.save (C:\Users\User\Desktop\farmferry\FarmFerryBackendNew\node_modules\mongoose\lib\model.js:609:5)
    at async POST (C:\Users\User\Desktop\farmferry\FarmFerryBackendNew\.next\dev\server\chunks\[root-of-the-server]__4363d375._.js:1630:13)
    at async AppRouteRouteModule.do (C:\Users\User\Desktop\farmferry\FarmFerryBackendNew\node_modules\next\dist\compiled\next-server\app-route-turbo.runtime.dev.js:5:37866)
    at async AppRouteRouteModule.handle (C:\Users\User\Desktop\farmferry\FarmFerryBackendNew\node_modules\next\dist\compiled\next-server\app-route-turbo.runtime.dev.js:5:45156)
    at async responseGenerator (C:\Users\User\Desktop\farmferry\FarmFerryBackendNew\.next\dev\server\chunks\[root-of-the-server]__5c98ee35._.js:14871:38)
    at async AppRouteRouteModule.handleResponse (C:\Users\User\Desktop\farmferry\FarmFerryBackendNew\node_modules\next\dist\compiled\next-server\app-route-turbo.runtime.dev.js:1:187713)
    at async handleResponse (C:\Users\User\Desktop\farmferry\FarmFerryBackendNew\.next\dev\server\chunks\[root-of-the-server]__5c98ee35._.js:14934:32)
    at async Module.handler (C:\Users\User\Desktop\farmferry\FarmFerryBackendNew\.next\dev\server\chunks\[root-of-the-server]__5c98ee35._.js:14987:13)
    at async DevServer.renderToResponseWithComponentsImpl (C:\Users\User\Desktop\farmferry\FarmFerryBackendNew\node_modules\next\dist\server\base-server.js:1422:9)
    at async DevServer.renderPageComponent (C:\Users\User\Desktop\farmferry\FarmFerryBackendNew\node_modules\next\dist\server\base-server.js:1474:24)
    at async DevServer.renderToResponseImpl (C:\Users\User\Desktop\farmferry\FarmFerryBackendNew\node_modules\next\dist\server\base-server.js:1524:32)
    at async DevServer.pipeImpl (C:\Users\User\Desktop\farmferry\FarmFerryBackendNew\node_modules\next\dist\server\base-server.js:1018:25)
    at async NextNodeServer.handleCatchallRenderRequest (C:\Users\User\Desktop\farmferry\FarmFerryBackendNew\node_modules\next\dist\server\next-server.js:395:17)
    at async DevServer.handleRequestImpl (C:\Users\User\Desktop\farmferry\FarmFerryBackendNew\node_modules\next\dist\server\base-server.js:909:17)
    at async C:\Users\User\Desktop\farmferry\FarmFerryBackendNew\node_modules\next\dist\server\dev\next-dev-server.js:387:20
    at async Span.traceAsyncFn (C:\Users\User\Desktop\farmferry\FarmFerryBackendNew\node_modules\next\dist\trace\trace.js:157:20)
    at async DevServer.handleRequest (C:\Users\User\Desktop\farmferry\FarmFerryBackendNew\node_modules\next\dist\server\dev\next-dev-server.js:383:24)
    at async invokeRender (C:\Users\User\Desktop\farmferry\FarmFerryBackendNew\node_modules\next\dist\server\lib\router-server.js:248:21)
    at async handleRequest (C:\Users\User\Desktop\farmferry\FarmFerryBackendNew\node_modules\next\dist\server\lib\router-server.js:447:24)
    at async requestHandlerImpl (C:\Users\User\Desktop\farmferry\FarmFerryBackendNew\node_modules\next\dist\server\lib\router-server.js:496:13)
    at async Server.requestListener (C:\Users\User\Desktop\farmferry\FarmFerryBackendNew\node_modules\next\dist\server\lib\start-server.js:226:13)
[2026-01-16T05:07:11.632Z] POST /cart Body: {"productId":"695790b1d6474999013ea19f","quantity":1,"userId":"6967263c2d2951851c61b9c9"} | User: 6967263c2d2951851c61b9c9
[2026-01-16T05:07:11.826Z] ERROR: Cart validation failed: customer: Path `customer` is required., items.0.totalPrice: Path `totalPrice` is required., items.0.product: Path `product` is required.
Stack: ValidationError: Cart validation failed: customer: Path `customer` is required., items.0.totalPrice: Path `totalPrice` is required., items.0.product: Path `product` is required.
    at Document.invalidate (C:\Users\User\Desktop\farmferry\FarmFerryBackendNew\node_modules\mongoose\lib\document.js:3377:32)
    at validatePath (C:\Users\User\Desktop\farmferry\FarmFerryBackendNew\node_modules\mongoose\lib\document.js:3152:13)
    at process.processTicksAndRejections (node:internal/process/task_queues:105:5)
    at async Promise.all (index 0)
    at async model.$__validate (C:\Users\User\Desktop\farmferry\FarmFerryBackendNew\node_modules\mongoose\lib\document.js:3093:3)
    at async model.validate (C:\Users\User\Desktop\farmferry\FarmFerryBackendNew\node_modules\mongoose\lib\document.js:2670:5)
    at async model.validateBeforeSave (C:\Users\User\Desktop\farmferry\FarmFerryBackendNew\node_modules\mongoose\lib\plugins\validateBeforeSave.js:34:7)
    at async Kareem.execPre (C:\Users\User\Desktop\farmferry\FarmFerryBackendNew\node_modules\kareem\index.js:65:24)
    at async model.$__save (C:\Users\User\Desktop\farmferry\FarmFerryBackendNew\node_modules\mongoose\lib\model.js:369:5)
    at async model.save (C:\Users\User\Desktop\farmferry\FarmFerryBackendNew\node_modules\mongoose\lib\model.js:609:5)
    at async POST (C:\Users\User\Desktop\farmferry\FarmFerryBackendNew\.next\dev\server\chunks\[root-of-the-server]__4363d375._.js:1630:13)
    at async AppRouteRouteModule.do (C:\Users\User\Desktop\farmferry\FarmFerryBackendNew\node_modules\next\dist\compiled\next-server\app-route-turbo.runtime.dev.js:5:37866)
    at async AppRouteRouteModule.handle (C:\Users\User\Desktop\farmferry\FarmFerryBackendNew\node_modules\next\dist\compiled\next-server\app-route-turbo.runtime.dev.js:5:45156)
    at async responseGenerator (C:\Users\User\Desktop\farmferry\FarmFerryBackendNew\.next\dev\server\chunks\[root-of-the-server]__5c98ee35._.js:14871:38)
    at async AppRouteRouteModule.handleResponse (C:\Users\User\Desktop\farmferry\FarmFerryBackendNew\node_modules\next\dist\compiled\next-server\app-route-turbo.runtime.dev.js:1:187713)
    at async handleResponse (C:\Users\User\Desktop\farmferry\FarmFerryBackendNew\.next\dev\server\chunks\[root-of-the-server]__5c98ee35._.js:14934:32)
    at async Module.handler (C:\Users\User\Desktop\farmferry\FarmFerryBackendNew\.next\dev\server\chunks\[root-of-the-server]__5c98ee35._.js:14987:13)
    at async DevServer.renderToResponseWithComponentsImpl (C:\Users\User\Desktop\farmferry\FarmFerryBackendNew\node_modules\next\dist\server\base-server.js:1422:9)
    at async DevServer.renderPageComponent (C:\Users\User\Desktop\farmferry\FarmFerryBackendNew\node_modules\next\dist\server\base-server.js:1474:24)
    at async DevServer.renderToResponseImpl (C:\Users\User\Desktop\farmferry\FarmFerryBackendNew\node_modules\next\dist\server\base-server.js:1524:32)
    at async DevServer.pipeImpl (C:\Users\User\Desktop\farmferry\FarmFerryBackendNew\node_modules\next\dist\server\base-server.js:1018:25)
    at async NextNodeServer.handleCatchallRenderRequest (C:\Users\User\Desktop\farmferry\FarmFerryBackendNew\node_modules\next\dist\server\next-server.js:395:17)
    at async DevServer.handleRequestImpl (C:\Users\User\Desktop\farmferry\FarmFerryBackendNew\node_modules\next\dist\server\base-server.js:909:17)
    at async C:\Users\User\Desktop\farmferry\FarmFerryBackendNew\node_modules\next\dist\server\dev\next-dev-server.js:387:20
    at async Span.traceAsyncFn (C:\Users\User\Desktop\farmferry\FarmFerryBackendNew\node_modules\next\dist\trace\trace.js:157:20)
    at async DevServer.handleRequest (C:\Users\User\Desktop\farmferry\FarmFerryBackendNew\node_modules\next\dist\server\dev\next-dev-server.js:383:24)
    at async invokeRender (C:\Users\User\Desktop\farmferry\FarmFerryBackendNew\node_modules\next\dist\server\lib\router-server.js:248:21)
    at async handleRequest (C:\Users\User\Desktop\farmferry\FarmFerryBackendNew\node_modules\next\dist\server\lib\router-server.js:447:24)
    at async requestHandlerImpl (C:\Users\User\Desktop\farmferry\FarmFerryBackendNew\node_modules\next\dist\server\lib\router-server.js:496:13)
    at async Server.requestListener (C:\Users\User\Desktop\farmferry\FarmFerryBackendNew\node_modules\next\dist\server\lib\start-server.js:226:13)
[2026-01-16T05:07:56.088Z] POST /cart Body: {"productId":"695790b1d6474999013ea19f","quantity":1,"userId":"6967263c2d2951851c61b9c9"} | User: 6967263c2d2951851c61b9c9
[2026-01-16T05:07:56.201Z] ERROR: Cart validation failed: customer: Path `customer` is required., items.0.totalPrice: Path `totalPrice` is required., items.0.product: Path `product` is required.
Stack: ValidationError: Cart validation failed: customer: Path `customer` is required., items.0.totalPrice: Path `totalPrice` is required., items.0.product: Path `product` is required.
    at Document.invalidate (C:\Users\User\Desktop\farmferry\FarmFerryBackendNew\node_modules\mongoose\lib\document.js:3377:32)
    at validatePath (C:\Users\User\Desktop\farmferry\FarmFerryBackendNew\node_modules\mongoose\lib\document.js:3152:13)
    at process.processTicksAndRejections (node:internal/process/task_queues:105:5)
    at async Promise.all (index 0)
    at async model.$__validate (C:\Users\User\Desktop\farmferry\FarmFerryBackendNew\node_modules\mongoose\lib\document.js:3093:3)
    at async model.validate (C:\Users\User\Desktop\farmferry\FarmFerryBackendNew\node_modules\mongoose\lib\document.js:2670:5)
    at async model.validateBeforeSave (C:\Users\User\Desktop\farmferry\FarmFerryBackendNew\node_modules\mongoose\lib\plugins\validateBeforeSave.js:34:7)
    at async Kareem.execPre (C:\Users\User\Desktop\farmferry\FarmFerryBackendNew\node_modules\kareem\index.js:65:24)
    at async model.$__save (C:\Users\User\Desktop\farmferry\FarmFerryBackendNew\node_modules\mongoose\lib\model.js:369:5)
    at async model.save (C:\Users\User\Desktop\farmferry\FarmFerryBackendNew\node_modules\mongoose\lib\model.js:609:5)
    at async POST (C:\Users\User\Desktop\farmferry\FarmFerryBackendNew\.next\dev\server\chunks\[root-of-the-server]__4363d375._.js:1630:13)
    at async AppRouteRouteModule.do (C:\Users\User\Desktop\farmferry\FarmFerryBackendNew\node_modules\next\dist\compiled\next-server\app-route-turbo.runtime.dev.js:5:37866)
    at async AppRouteRouteModule.handle (C:\Users\User\Desktop\farmferry\FarmFerryBackendNew\node_modules\next\dist\compiled\next-server\app-route-turbo.runtime.dev.js:5:45156)
    at async responseGenerator (C:\Users\User\Desktop\farmferry\FarmFerryBackendNew\.next\dev\server\chunks\[root-of-the-server]__5c98ee35._.js:14871:38)
    at async AppRouteRouteModule.handleResponse (C:\Users\User\Desktop\farmferry\FarmFerryBackendNew\node_modules\next\dist\compiled\next-server\app-route-turbo.runtime.dev.js:1:187713)
    at async handleResponse (C:\Users\User\Desktop\farmferry\FarmFerryBackendNew\.next\dev\server\chunks\[root-of-the-server]__5c98ee35._.js:14934:32)
    at async Module.handler (C:\Users\User\Desktop\farmferry\FarmFerryBackendNew\.next\dev\server\chunks\[root-of-the-server]__5c98ee35._.js:14987:13)
    at async DevServer.renderToResponseWithComponentsImpl (C:\Users\User\Desktop\farmferry\FarmFerryBackendNew\node_modules\next\dist\server\base-server.js:1422:9)
    at async DevServer.renderPageComponent (C:\Users\User\Desktop\farmferry\FarmFerryBackendNew\node_modules\next\dist\server\base-server.js:1474:24)
    at async DevServer.renderToResponseImpl (C:\Users\User\Desktop\farmferry\FarmFerryBackendNew\node_modules\next\dist\server\base-server.js:1524:32)
    at async DevServer.pipeImpl (C:\Users\User\Desktop\farmferry\FarmFerryBackendNew\node_modules\next\dist\server\base-server.js:1018:25)
    at async NextNodeServer.handleCatchallRenderRequest (C:\Users\User\Desktop\farmferry\FarmFerryBackendNew\node_modules\next\dist\server\next-server.js:395:17)
    at async DevServer.handleRequestImpl (C:\Users\User\Desktop\farmferry\FarmFerryBackendNew\node_modules\next\dist\server\base-server.js:909:17)
    at async C:\Users\User\Desktop\farmferry\FarmFerryBackendNew\node_modules\next\dist\server\dev\next-dev-server.js:387:20
    at async Span.traceAsyncFn (C:\Users\User\Desktop\farmferry\FarmFerryBackendNew\node_modules\next\dist\trace\trace.js:157:20)
    at async DevServer.handleRequest (C:\Users\User\Desktop\farmferry\FarmFerryBackendNew\node_modules\next\dist\server\dev\next-dev-server.js:383:24)
    at async invokeRender (C:\Users\User\Desktop\farmferry\FarmFerryBackendNew\node_modules\next\dist\server\lib\router-server.js:248:21)
    at async handleRequest (C:\Users\User\Desktop\farmferry\FarmFerryBackendNew\node_modules\next\dist\server\lib\router-server.js:447:24)
    at async requestHandlerImpl (C:\Users\User\Desktop\farmferry\FarmFerryBackendNew\node_modules\next\dist\server\lib\router-server.js:496:13)
    at async Server.requestListener (C:\Users\User\Desktop\farmferry\FarmFerryBackendNew\node_modules\next\dist\server\lib\start-server.js:226:13)
[2026-01-16T05:10:06.255Z] POST /cart Body: {"productId":"6965e1221c667d5b26e6ee44","quantity":1,"userId":"6967263c2d2951851c61b9c9"} | User: 6967263c2d2951851c61b9c9
[2026-01-16T05:10:06.405Z] ERROR: Cart validation failed: customer: Path `customer` is required., items.0.totalPrice: Path `totalPrice` is required., items.0.product: Path `product` is required.
Stack: ValidationError: Cart validation failed: customer: Path `customer` is required., items.0.totalPrice: Path `totalPrice` is required., items.0.product: Path `product` is required.
    at Document.invalidate (C:\Users\User\Desktop\farmferry\FarmFerryBackendNew\node_modules\mongoose\lib\document.js:3377:32)
    at validatePath (C:\Users\User\Desktop\farmferry\FarmFerryBackendNew\node_modules\mongoose\lib\document.js:3152:13)
    at process.processTicksAndRejections (node:internal/process/task_queues:105:5)
    at async Promise.all (index 0)
    at async model.$__validate (C:\Users\User\Desktop\farmferry\FarmFerryBackendNew\node_modules\mongoose\lib\document.js:3093:3)
    at async model.validate (C:\Users\User\Desktop\farmferry\FarmFerryBackendNew\node_modules\mongoose\lib\document.js:2670:5)
    at async model.validateBeforeSave (C:\Users\User\Desktop\farmferry\FarmFerryBackendNew\node_modules\mongoose\lib\plugins\validateBeforeSave.js:34:7)
    at async Kareem.execPre (C:\Users\User\Desktop\farmferry\FarmFerryBackendNew\node_modules\kareem\index.js:65:24)
    at async model.$__save (C:\Users\User\Desktop\farmferry\FarmFerryBackendNew\node_modules\mongoose\lib\model.js:369:5)
    at async model.save (C:\Users\User\Desktop\farmferry\FarmFerryBackendNew\node_modules\mongoose\lib\model.js:609:5)
    at async POST (C:\Users\User\Desktop\farmferry\FarmFerryBackendNew\.next\dev\server\chunks\[root-of-the-server]__4363d375._.js:1630:13)
    at async AppRouteRouteModule.do (C:\Users\User\Desktop\farmferry\FarmFerryBackendNew\node_modules\next\dist\compiled\next-server\app-route-turbo.runtime.dev.js:5:37866)
    at async AppRouteRouteModule.handle (C:\Users\User\Desktop\farmferry\FarmFerryBackendNew\node_modules\next\dist\compiled\next-server\app-route-turbo.runtime.dev.js:5:45156)
    at async responseGenerator (C:\Users\User\Desktop\farmferry\FarmFerryBackendNew\.next\dev\server\chunks\[root-of-the-server]__5c98ee35._.js:14871:38)
    at async AppRouteRouteModule.handleResponse (C:\Users\User\Desktop\farmferry\FarmFerryBackendNew\node_modules\next\dist\compiled\next-server\app-route-turbo.runtime.dev.js:1:187713)
    at async handleResponse (C:\Users\User\Desktop\farmferry\FarmFerryBackendNew\.next\dev\server\chunks\[root-of-the-server]__5c98ee35._.js:14934:32)
    at async Module.handler (C:\Users\User\Desktop\farmferry\FarmFerryBackendNew\.next\dev\server\chunks\[root-of-the-server]__5c98ee35._.js:14987:13)
    at async DevServer.renderToResponseWithComponentsImpl (C:\Users\User\Desktop\farmferry\FarmFerryBackendNew\node_modules\next\dist\server\base-server.js:1422:9)
    at async DevServer.renderPageComponent (C:\Users\User\Desktop\farmferry\FarmFerryBackendNew\node_modules\next\dist\server\base-server.js:1474:24)
    at async DevServer.renderToResponseImpl (C:\Users\User\Desktop\farmferry\FarmFerryBackendNew\node_modules\next\dist\server\base-server.js:1524:32)
    at async DevServer.pipeImpl (C:\Users\User\Desktop\farmferry\FarmFerryBackendNew\node_modules\next\dist\server\base-server.js:1018:25)
    at async NextNodeServer.handleCatchallRenderRequest (C:\Users\User\Desktop\farmferry\FarmFerryBackendNew\node_modules\next\dist\server\next-server.js:395:17)
    at async DevServer.handleRequestImpl (C:\Users\User\Desktop\farmferry\FarmFerryBackendNew\node_modules\next\dist\server\base-server.js:909:17)
    at async C:\Users\User\Desktop\farmferry\FarmFerryBackendNew\node_modules\next\dist\server\dev\next-dev-server.js:387:20
    at async Span.traceAsyncFn (C:\Users\User\Desktop\farmferry\FarmFerryBackendNew\node_modules\next\dist\trace\trace.js:157:20)
    at async DevServer.handleRequest (C:\Users\User\Desktop\farmferry\FarmFerryBackendNew\node_modules\next\dist\server\dev\next-dev-server.js:383:24)
    at async invokeRender (C:\Users\User\Desktop\farmferry\FarmFerryBackendNew\node_modules\next\dist\server\lib\router-server.js:248:21)
    at async handleRequest (C:\Users\User\Desktop\farmferry\FarmFerryBackendNew\node_modules\next\dist\server\lib\router-server.js:447:24)
    at async requestHandlerImpl (C:\Users\User\Desktop\farmferry\FarmFerryBackendNew\node_modules\next\dist\server\lib\router-server.js:496:13)
    at async Server.requestListener (C:\Users\User\Desktop\farmferry\FarmFerryBackendNew\node_modules\next\dist\server\lib\start-server.js:226:13)
[2026-01-16T05:12:26.390Z] POST /cart Body: {"productId":"695790b1d6474999013ea19f","quantity":1,"userId":"6967263c2d2951851c61b9c9"} | User: 6967263c2d2951851c61b9c9
[2026-01-16T05:12:26.753Z] ERROR: Cart validation failed: customer: Path `customer` is required., items.0.totalPrice: Path `totalPrice` is required., items.0.product: Path `product` is required.
Stack: ValidationError: Cart validation failed: customer: Path `customer` is required., items.0.totalPrice: Path `totalPrice` is required., items.0.product: Path `product` is required.
    at Document.invalidate (C:\Users\User\Desktop\farmferry\FarmFerryBackendNew\node_modules\mongoose\lib\document.js:3377:32)
    at validatePath (C:\Users\User\Desktop\farmferry\FarmFerryBackendNew\node_modules\mongoose\lib\document.js:3152:13)
    at process.processTicksAndRejections (node:internal/process/task_queues:105:5)
    at async Promise.all (index 0)
    at async model.$__validate (C:\Users\User\Desktop\farmferry\FarmFerryBackendNew\node_modules\mongoose\lib\document.js:3093:3)
    at async model.validate (C:\Users\User\Desktop\farmferry\FarmFerryBackendNew\node_modules\mongoose\lib\document.js:2670:5)
    at async model.validateBeforeSave (C:\Users\User\Desktop\farmferry\FarmFerryBackendNew\node_modules\mongoose\lib\plugins\validateBeforeSave.js:34:7)
    at async Kareem.execPre (C:\Users\User\Desktop\farmferry\FarmFerryBackendNew\node_modules\kareem\index.js:65:24)
    at async model.$__save (C:\Users\User\Desktop\farmferry\FarmFerryBackendNew\node_modules\mongoose\lib\model.js:369:5)
    at async model.save (C:\Users\User\Desktop\farmferry\FarmFerryBackendNew\node_modules\mongoose\lib\model.js:609:5)
    at async POST (C:\Users\User\Desktop\farmferry\FarmFerryBackendNew\.next\dev\server\chunks\[root-of-the-server]__4363d375._.js:1630:13)
    at async AppRouteRouteModule.do (C:\Users\User\Desktop\farmferry\FarmFerryBackendNew\node_modules\next\dist\compiled\next-server\app-route-turbo.runtime.dev.js:5:37866)
    at async AppRouteRouteModule.handle (C:\Users\User\Desktop\farmferry\FarmFerryBackendNew\node_modules\next\dist\compiled\next-server\app-route-turbo.runtime.dev.js:5:45156)
    at async responseGenerator (C:\Users\User\Desktop\farmferry\FarmFerryBackendNew\.next\dev\server\chunks\[root-of-the-server]__5c98ee35._.js:14871:38)
    at async AppRouteRouteModule.handleResponse (C:\Users\User\Desktop\farmferry\FarmFerryBackendNew\node_modules\next\dist\compiled\next-server\app-route-turbo.runtime.dev.js:1:187713)
    at async handleResponse (C:\Users\User\Desktop\farmferry\FarmFerryBackendNew\.next\dev\server\chunks\[root-of-the-server]__5c98ee35._.js:14934:32)
    at async Module.handler (C:\Users\User\Desktop\farmferry\FarmFerryBackendNew\.next\dev\server\chunks\[root-of-the-server]__5c98ee35._.js:14987:13)
    at async DevServer.renderToResponseWithComponentsImpl (C:\Users\User\Desktop\farmferry\FarmFerryBackendNew\node_modules\next\dist\server\base-server.js:1422:9)
    at async DevServer.renderPageComponent (C:\Users\User\Desktop\farmferry\FarmFerryBackendNew\node_modules\next\dist\server\base-server.js:1474:24)
    at async DevServer.renderToResponseImpl (C:\Users\User\Desktop\farmferry\FarmFerryBackendNew\node_modules\next\dist\server\base-server.js:1524:32)
    at async DevServer.pipeImpl (C:\Users\User\Desktop\farmferry\FarmFerryBackendNew\node_modules\next\dist\server\base-server.js:1018:25)
    at async NextNodeServer.handleCatchallRenderRequest (C:\Users\User\Desktop\farmferry\FarmFerryBackendNew\node_modules\next\dist\server\next-server.js:395:17)
    at async DevServer.handleRequestImpl (C:\Users\User\Desktop\farmferry\FarmFerryBackendNew\node_modules\next\dist\server\base-server.js:909:17)
    at async C:\Users\User\Desktop\farmferry\FarmFerryBackendNew\node_modules\next\dist\server\dev\next-dev-server.js:387:20
    at async Span.traceAsyncFn (C:\Users\User\Desktop\farmferry\FarmFerryBackendNew\node_modules\next\dist\trace\trace.js:157:20)
    at async DevServer.handleRequest (C:\Users\User\Desktop\farmferry\FarmFerryBackendNew\node_modules\next\dist\server\dev\next-dev-server.js:383:24)
    at async invokeRender (C:\Users\User\Desktop\farmferry\FarmFerryBackendNew\node_modules\next\dist\server\lib\router-server.js:248:21)
    at async handleRequest (C:\Users\User\Desktop\farmferry\FarmFerryBackendNew\node_modules\next\dist\server\lib\router-server.js:447:24)
    at async requestHandlerImpl (C:\Users\User\Desktop\farmferry\FarmFerryBackendNew\node_modules\next\dist\server\lib\router-server.js:496:13)
    at async Server.requestListener (C:\Users\User\Desktop\farmferry\FarmFerryBackendNew\node_modules\next\dist\server\lib\start-server.js:226:13)
[2026-01-16T05:15:45.984Z] POST /cart Body: {"productId":"6965e11d1c667d5b26e6ee3c","quantity":1,"userId":"6967263c2d2951851c61b9c9"} | User: 6967263c2d2951851c61b9c9
[2026-01-16T05:15:46.108Z] ERROR: Cart validation failed: customer: Path `customer` is required., items.0.totalPrice: Path `totalPrice` is required., items.0.product: Path `product` is required.
Stack: ValidationError: Cart validation failed: customer: Path `customer` is required., items.0.totalPrice: Path `totalPrice` is required., items.0.product: Path `product` is required.
    at Document.invalidate (C:\Users\User\Desktop\farmferry\FarmFerryBackendNew\node_modules\mongoose\lib\document.js:3377:32)
    at validatePath (C:\Users\User\Desktop\farmferry\FarmFerryBackendNew\node_modules\mongoose\lib\document.js:3152:13)
    at process.processTicksAndRejections (node:internal/process/task_queues:105:5)
    at async Promise.all (index 0)
    at async model.$__validate (C:\Users\User\Desktop\farmferry\FarmFerryBackendNew\node_modules\mongoose\lib\document.js:3093:3)
    at async model.validate (C:\Users\User\Desktop\farmferry\FarmFerryBackendNew\node_modules\mongoose\lib\document.js:2670:5)
    at async model.validateBeforeSave (C:\Users\User\Desktop\farmferry\FarmFerryBackendNew\node_modules\mongoose\lib\plugins\validateBeforeSave.js:34:7)
    at async Kareem.execPre (C:\Users\User\Desktop\farmferry\FarmFerryBackendNew\node_modules\kareem\index.js:65:24)
    at async model.$__save (C:\Users\User\Desktop\farmferry\FarmFerryBackendNew\node_modules\mongoose\lib\model.js:369:5)
    at async model.save (C:\Users\User\Desktop\farmferry\FarmFerryBackendNew\node_modules\mongoose\lib\model.js:609:5)
    at async POST (C:\Users\User\Desktop\farmferry\FarmFerryBackendNew\.next\dev\server\chunks\[root-of-the-server]__4363d375._.js:1630:13)
    at async AppRouteRouteModule.do (C:\Users\User\Desktop\farmferry\FarmFerryBackendNew\node_modules\next\dist\compiled\next-server\app-route-turbo.runtime.dev.js:5:37866)
    at async AppRouteRouteModule.handle (C:\Users\User\Desktop\farmferry\FarmFerryBackendNew\node_modules\next\dist\compiled\next-server\app-route-turbo.runtime.dev.js:5:45156)
    at async responseGenerator (C:\Users\User\Desktop\farmferry\FarmFerryBackendNew\.next\dev\server\chunks\[root-of-the-server]__5c98ee35._.js:14871:38)
    at async AppRouteRouteModule.handleResponse (C:\Users\User\Desktop\farmferry\FarmFerryBackendNew\node_modules\next\dist\compiled\next-server\app-route-turbo.runtime.dev.js:1:187713)
    at async handleResponse (C:\Users\User\Desktop\farmferry\FarmFerryBackendNew\.next\dev\server\chunks\[root-of-the-server]__5c98ee35._.js:14934:32)
    at async Module.handler (C:\Users\User\Desktop\farmferry\FarmFerryBackendNew\.next\dev\server\chunks\[root-of-the-server]__5c98ee35._.js:14987:13)
    at async DevServer.renderToResponseWithComponentsImpl (C:\Users\User\Desktop\farmferry\FarmFerryBackendNew\node_modules\next\dist\server\base-server.js:1422:9)
    at async DevServer.renderPageComponent (C:\Users\User\Desktop\farmferry\FarmFerryBackendNew\node_modules\next\dist\server\base-server.js:1474:24)
    at async DevServer.renderToResponseImpl (C:\Users\User\Desktop\farmferry\FarmFerryBackendNew\node_modules\next\dist\server\base-server.js:1524:32)
    at async DevServer.pipeImpl (C:\Users\User\Desktop\farmferry\FarmFerryBackendNew\node_modules\next\dist\server\base-server.js:1018:25)
    at async NextNodeServer.handleCatchallRenderRequest (C:\Users\User\Desktop\farmferry\FarmFerryBackendNew\node_modules\next\dist\server\next-server.js:395:17)
    at async DevServer.handleRequestImpl (C:\Users\User\Desktop\farmferry\FarmFerryBackendNew\node_modules\next\dist\server\base-server.js:909:17)
    at async C:\Users\User\Desktop\farmferry\FarmFerryBackendNew\node_modules\next\dist\server\dev\next-dev-server.js:387:20
    at async Span.traceAsyncFn (C:\Users\User\Desktop\farmferry\FarmFerryBackendNew\node_modules\next\dist\trace\trace.js:157:20)
    at async DevServer.handleRequest (C:\Users\User\Desktop\farmferry\FarmFerryBackendNew\node_modules\next\dist\server\dev\next-dev-server.js:383:24)
    at async invokeRender (C:\Users\User\Desktop\farmferry\FarmFerryBackendNew\node_modules\next\dist\server\lib\router-server.js:248:21)
    at async handleRequest (C:\Users\User\Desktop\farmferry\FarmFerryBackendNew\node_modules\next\dist\server\lib\router-server.js:447:24)
    at async requestHandlerImpl (C:\Users\User\Desktop\farmferry\FarmFerryBackendNew\node_modules\next\dist\server\lib\router-server.js:496:13)
    at async Server.requestListener (C:\Users\User\Desktop\farmferry\FarmFerryBackendNew\node_modules\next\dist\server\lib\start-server.js:226:13)
[2026-01-16T05:22:04.622Z] POST /cart Body: {"productId":"695790b1d6474999013ea19f","quantity":1,"userId":"6967263c2d2951851c61b9c9"} | User: 6967263c2d2951851c61b9c9
[2026-01-16T05:22:04.741Z] ERROR: Cart validation failed: customer: Path `customer` is required., items.0.totalPrice: Path `totalPrice` is required., items.0.product: Path `product` is required.
Stack: ValidationError: Cart validation failed: customer: Path `customer` is required., items.0.totalPrice: Path `totalPrice` is required., items.0.product: Path `product` is required.
    at Document.invalidate (C:\Users\User\Desktop\farmferry\FarmFerryBackendNew\node_modules\mongoose\lib\document.js:3377:32)
    at validatePath (C:\Users\User\Desktop\farmferry\FarmFerryBackendNew\node_modules\mongoose\lib\document.js:3152:13)
    at process.processTicksAndRejections (node:internal/process/task_queues:105:5)
    at async Promise.all (index 0)
    at async model.$__validate (C:\Users\User\Desktop\farmferry\FarmFerryBackendNew\node_modules\mongoose\lib\document.js:3093:3)
    at async model.validate (C:\Users\User\Desktop\farmferry\FarmFerryBackendNew\node_modules\mongoose\lib\document.js:2670:5)
    at async model.validateBeforeSave (C:\Users\User\Desktop\farmferry\FarmFerryBackendNew\node_modules\mongoose\lib\plugins\validateBeforeSave.js:34:7)
    at async Kareem.execPre (C:\Users\User\Desktop\farmferry\FarmFerryBackendNew\node_modules\kareem\index.js:65:24)
    at async model.$__save (C:\Users\User\Desktop\farmferry\FarmFerryBackendNew\node_modules\mongoose\lib\model.js:369:5)
    at async model.save (C:\Users\User\Desktop\farmferry\FarmFerryBackendNew\node_modules\mongoose\lib\model.js:609:5)
    at async POST (C:\Users\User\Desktop\farmferry\FarmFerryBackendNew\.next\dev\server\chunks\[root-of-the-server]__4363d375._.js:1630:13)
    at async AppRouteRouteModule.do (C:\Users\User\Desktop\farmferry\FarmFerryBackendNew\node_modules\next\dist\compiled\next-server\app-route-turbo.runtime.dev.js:5:37866)
    at async AppRouteRouteModule.handle (C:\Users\User\Desktop\farmferry\FarmFerryBackendNew\node_modules\next\dist\compiled\next-server\app-route-turbo.runtime.dev.js:5:45156)
    at async responseGenerator (C:\Users\User\Desktop\farmferry\FarmFerryBackendNew\.next\dev\server\chunks\[root-of-the-server]__5c98ee35._.js:14871:38)
    at async AppRouteRouteModule.handleResponse (C:\Users\User\Desktop\farmferry\FarmFerryBackendNew\node_modules\next\dist\compiled\next-server\app-route-turbo.runtime.dev.js:1:187713)
    at async handleResponse (C:\Users\User\Desktop\farmferry\FarmFerryBackendNew\.next\dev\server\chunks\[root-of-the-server]__5c98ee35._.js:14934:32)
    at async Module.handler (C:\Users\User\Desktop\farmferry\FarmFerryBackendNew\.next\dev\server\chunks\[root-of-the-server]__5c98ee35._.js:14987:13)
    at async DevServer.renderToResponseWithComponentsImpl (C:\Users\User\Desktop\farmferry\FarmFerryBackendNew\node_modules\next\dist\server\base-server.js:1422:9)
    at async DevServer.renderPageComponent (C:\Users\User\Desktop\farmferry\FarmFerryBackendNew\node_modules\next\dist\server\base-server.js:1474:24)
    at async DevServer.renderToResponseImpl (C:\Users\User\Desktop\farmferry\FarmFerryBackendNew\node_modules\next\dist\server\base-server.js:1524:32)
    at async DevServer.pipeImpl (C:\Users\User\Desktop\farmferry\FarmFerryBackendNew\node_modules\next\dist\server\base-server.js:1018:25)
    at async NextNodeServer.handleCatchallRenderRequest (C:\Users\User\Desktop\farmferry\FarmFerryBackendNew\node_modules\next\dist\server\next-server.js:395:17)
    at async DevServer.handleRequestImpl (C:\Users\User\Desktop\farmferry\FarmFerryBackendNew\node_modules\next\dist\server\base-server.js:909:17)
    at async C:\Users\User\Desktop\farmferry\FarmFerryBackendNew\node_modules\next\dist\server\dev\next-dev-server.js:387:20
    at async Span.traceAsyncFn (C:\Users\User\Desktop\farmferry\FarmFerryBackendNew\node_modules\next\dist\trace\trace.js:157:20)
    at async DevServer.handleRequest (C:\Users\User\Desktop\farmferry\FarmFerryBackendNew\node_modules\next\dist\server\dev\next-dev-server.js:383:24)
    at async invokeRender (C:\Users\User\Desktop\farmferry\FarmFerryBackendNew\node_modules\next\dist\server\lib\router-server.js:248:21)
    at async handleRequest (C:\Users\User\Desktop\farmferry\FarmFerryBackendNew\node_modules\next\dist\server\lib\router-server.js:447:24)
    at async requestHandlerImpl (C:\Users\User\Desktop\farmferry\FarmFerryBackendNew\node_modules\next\dist\server\lib\router-server.js:496:13)
    at async Server.requestListener (C:\Users\User\Desktop\farmferry\FarmFerryBackendNew\node_modules\next\dist\server\lib\start-server.js:226:13)
[2026-01-16T05:32:47.957Z] POST /cart Body: {"productId":"695790b1d6474999013ea19f","quantity":1,"userId":"6967263c2d2951851c61b9c9"} | User: 6967263c2d2951851c61b9c9
[2026-01-16T05:32:48.153Z] ERROR: Cart validation failed: customer: Path `customer` is required., items.0.totalPrice: Path `totalPrice` is required., items.0.product: Path `product` is required.
Stack: ValidationError: Cart validation failed: customer: Path `customer` is required., items.0.totalPrice: Path `totalPrice` is required., items.0.product: Path `product` is required.
    at Document.invalidate (C:\Users\User\Desktop\farmferry\FarmFerryBackendNew\node_modules\mongoose\lib\document.js:3377:32)
    at validatePath (C:\Users\User\Desktop\farmferry\FarmFerryBackendNew\node_modules\mongoose\lib\document.js:3152:13)
    at process.processTicksAndRejections (node:internal/process/task_queues:105:5)
    at async Promise.all (index 0)
    at async model.$__validate (C:\Users\User\Desktop\farmferry\FarmFerryBackendNew\node_modules\mongoose\lib\document.js:3093:3)
    at async model.validate (C:\Users\User\Desktop\farmferry\FarmFerryBackendNew\node_modules\mongoose\lib\document.js:2670:5)
    at async model.validateBeforeSave (C:\Users\User\Desktop\farmferry\FarmFerryBackendNew\node_modules\mongoose\lib\plugins\validateBeforeSave.js:34:7)
    at async Kareem.execPre (C:\Users\User\Desktop\farmferry\FarmFerryBackendNew\node_modules\kareem\index.js:65:24)
    at async model.$__save (C:\Users\User\Desktop\farmferry\FarmFerryBackendNew\node_modules\mongoose\lib\model.js:369:5)
    at async model.save (C:\Users\User\Desktop\farmferry\FarmFerryBackendNew\node_modules\mongoose\lib\model.js:609:5)
    at async POST (C:\Users\User\Desktop\farmferry\FarmFerryBackendNew\.next\dev\server\chunks\[root-of-the-server]__4363d375._.js:1630:13)
    at async AppRouteRouteModule.do (C:\Users\User\Desktop\farmferry\FarmFerryBackendNew\node_modules\next\dist\compiled\next-server\app-route-turbo.runtime.dev.js:5:37866)
    at async AppRouteRouteModule.handle (C:\Users\User\Desktop\farmferry\FarmFerryBackendNew\node_modules\next\dist\compiled\next-server\app-route-turbo.runtime.dev.js:5:45156)
    at async responseGenerator (C:\Users\User\Desktop\farmferry\FarmFerryBackendNew\.next\dev\server\chunks\[root-of-the-server]__5c98ee35._.js:14871:38)
    at async AppRouteRouteModule.handleResponse (C:\Users\User\Desktop\farmferry\FarmFerryBackendNew\node_modules\next\dist\compiled\next-server\app-route-turbo.runtime.dev.js:1:187713)
    at async handleResponse (C:\Users\User\Desktop\farmferry\FarmFerryBackendNew\.next\dev\server\chunks\[root-of-the-server]__5c98ee35._.js:14934:32)
    at async Module.handler (C:\Users\User\Desktop\farmferry\FarmFerryBackendNew\.next\dev\server\chunks\[root-of-the-server]__5c98ee35._.js:14987:13)
    at async DevServer.renderToResponseWithComponentsImpl (C:\Users\User\Desktop\farmferry\FarmFerryBackendNew\node_modules\next\dist\server\base-server.js:1422:9)
    at async DevServer.renderPageComponent (C:\Users\User\Desktop\farmferry\FarmFerryBackendNew\node_modules\next\dist\server\base-server.js:1474:24)
    at async DevServer.renderToResponseImpl (C:\Users\User\Desktop\farmferry\FarmFerryBackendNew\node_modules\next\dist\server\base-server.js:1524:32)
    at async DevServer.pipeImpl (C:\Users\User\Desktop\farmferry\FarmFerryBackendNew\node_modules\next\dist\server\base-server.js:1018:25)
    at async NextNodeServer.handleCatchallRenderRequest (C:\Users\User\Desktop\farmferry\FarmFerryBackendNew\node_modules\next\dist\server\next-server.js:395:17)
    at async DevServer.handleRequestImpl (C:\Users\User\Desktop\farmferry\FarmFerryBackendNew\node_modules\next\dist\server\base-server.js:909:17)
    at async C:\Users\User\Desktop\farmferry\FarmFerryBackendNew\node_modules\next\dist\server\dev\next-dev-server.js:387:20
    at async Span.traceAsyncFn (C:\Users\User\Desktop\farmferry\FarmFerryBackendNew\node_modules\next\dist\trace\trace.js:157:20)
    at async DevServer.handleRequest (C:\Users\User\Desktop\farmferry\FarmFerryBackendNew\node_modules\next\dist\server\dev\next-dev-server.js:383:24)
    at async invokeRender (C:\Users\User\Desktop\farmferry\FarmFerryBackendNew\node_modules\next\dist\server\lib\router-server.js:248:21)
    at async handleRequest (C:\Users\User\Desktop\farmferry\FarmFerryBackendNew\node_modules\next\dist\server\lib\router-server.js:447:24)
    at async requestHandlerImpl (C:\Users\User\Desktop\farmferry\FarmFerryBackendNew\node_modules\next\dist\server\lib\router-server.js:496:13)
    at async Server.requestListener (C:\Users\User\Desktop\farmferry\FarmFerryBackendNew\node_modules\next\dist\server\lib\start-server.js:226:13)
[2026-01-16T05:33:15.649Z] POST /cart Body: {"productId":"6965e11d1c667d5b26e6ee3c","quantity":1,"userId":"6967263c2d2951851c61b9c9"} | User: 6967263c2d2951851c61b9c9
[2026-01-16T05:33:15.762Z] ERROR: Cart validation failed: customer: Path `customer` is required., items.0.totalPrice: Path `totalPrice` is required., items.0.product: Path `product` is required.
Stack: ValidationError: Cart validation failed: customer: Path `customer` is required., items.0.totalPrice: Path `totalPrice` is required., items.0.product: Path `product` is required.
    at Document.invalidate (C:\Users\User\Desktop\farmferry\FarmFerryBackendNew\node_modules\mongoose\lib\document.js:3377:32)
    at validatePath (C:\Users\User\Desktop\farmferry\FarmFerryBackendNew\node_modules\mongoose\lib\document.js:3152:13)
    at process.processTicksAndRejections (node:internal/process/task_queues:105:5)
    at async Promise.all (index 0)
    at async model.$__validate (C:\Users\User\Desktop\farmferry\FarmFerryBackendNew\node_modules\mongoose\lib\document.js:3093:3)
    at async model.validate (C:\Users\User\Desktop\farmferry\FarmFerryBackendNew\node_modules\mongoose\lib\document.js:2670:5)
    at async model.validateBeforeSave (C:\Users\User\Desktop\farmferry\FarmFerryBackendNew\node_modules\mongoose\lib\plugins\validateBeforeSave.js:34:7)
    at async Kareem.execPre (C:\Users\User\Desktop\farmferry\FarmFerryBackendNew\node_modules\kareem\index.js:65:24)
    at async model.$__save (C:\Users\User\Desktop\farmferry\FarmFerryBackendNew\node_modules\mongoose\lib\model.js:369:5)
    at async model.save (C:\Users\User\Desktop\farmferry\FarmFerryBackendNew\node_modules\mongoose\lib\model.js:609:5)
    at async POST (C:\Users\User\Desktop\farmferry\FarmFerryBackendNew\.next\dev\server\chunks\[root-of-the-server]__4363d375._.js:1630:13)
    at async AppRouteRouteModule.do (C:\Users\User\Desktop\farmferry\FarmFerryBackendNew\node_modules\next\dist\compiled\next-server\app-route-turbo.runtime.dev.js:5:37866)
    at async AppRouteRouteModule.handle (C:\Users\User\Desktop\farmferry\FarmFerryBackendNew\node_modules\next\dist\compiled\next-server\app-route-turbo.runtime.dev.js:5:45156)
    at async responseGenerator (C:\Users\User\Desktop\farmferry\FarmFerryBackendNew\.next\dev\server\chunks\[root-of-the-server]__5c98ee35._.js:14871:38)
    at async AppRouteRouteModule.handleResponse (C:\Users\User\Desktop\farmferry\FarmFerryBackendNew\node_modules\next\dist\compiled\next-server\app-route-turbo.runtime.dev.js:1:187713)
    at async handleResponse (C:\Users\User\Desktop\farmferry\FarmFerryBackendNew\.next\dev\server\chunks\[root-of-the-server]__5c98ee35._.js:14934:32)
    at async Module.handler (C:\Users\User\Desktop\farmferry\FarmFerryBackendNew\.next\dev\server\chunks\[root-of-the-server]__5c98ee35._.js:14987:13)
    at async DevServer.renderToResponseWithComponentsImpl (C:\Users\User\Desktop\farmferry\FarmFerryBackendNew\node_modules\next\dist\server\base-server.js:1422:9)
    at async DevServer.renderPageComponent (C:\Users\User\Desktop\farmferry\FarmFerryBackendNew\node_modules\next\dist\server\base-server.js:1474:24)
    at async DevServer.renderToResponseImpl (C:\Users\User\Desktop\farmferry\FarmFerryBackendNew\node_modules\next\dist\server\base-server.js:1524:32)
    at async DevServer.pipeImpl (C:\Users\User\Desktop\farmferry\FarmFerryBackendNew\node_modules\next\dist\server\base-server.js:1018:25)
    at async NextNodeServer.handleCatchallRenderRequest (C:\Users\User\Desktop\farmferry\FarmFerryBackendNew\node_modules\next\dist\server\next-server.js:395:17)
    at async DevServer.handleRequestImpl (C:\Users\User\Desktop\farmferry\FarmFerryBackendNew\node_modules\next\dist\server\base-server.js:909:17)
    at async C:\Users\User\Desktop\farmferry\FarmFerryBackendNew\node_modules\next\dist\server\dev\next-dev-server.js:387:20
    at async Span.traceAsyncFn (C:\Users\User\Desktop\farmferry\FarmFerryBackendNew\node_modules\next\dist\trace\trace.js:157:20)
    at async DevServer.handleRequest (C:\Users\User\Desktop\farmferry\FarmFerryBackendNew\node_modules\next\dist\server\dev\next-dev-server.js:383:24)
    at async invokeRender (C:\Users\User\Desktop\farmferry\FarmFerryBackendNew\node_modules\next\dist\server\lib\router-server.js:248:21)
    at async handleRequest (C:\Users\User\Desktop\farmferry\FarmFerryBackendNew\node_modules\next\dist\server\lib\router-server.js:447:24)
    at async requestHandlerImpl (C:\Users\User\Desktop\farmferry\FarmFerryBackendNew\node_modules\next\dist\server\lib\router-server.js:496:13)
    at async Server.requestListener (C:\Users\User\Desktop\farmferry\FarmFerryBackendNew\node_modules\next\dist\server\lib\start-server.js:226:13)
[2026-01-16T05:54:21.923Z] POST /cart Body: {"productId":"695790b1d6474999013ea19f","quantity":1,"userId":"6967263c2d2951851c61b9c9"} | User: 6967263c2d2951851c61b9c9
[2026-01-16T05:54:22.006Z] ERROR: Cart validation failed: customer: Path `customer` is required., items.0.totalPrice: Path `totalPrice` is required., items.0.product: Path `product` is required.
Stack: ValidationError: Cart validation failed: customer: Path `customer` is required., items.0.totalPrice: Path `totalPrice` is required., items.0.product: Path `product` is required.
    at Document.invalidate (C:\Users\User\Desktop\farmferry\FarmFerryBackendNew\node_modules\mongoose\lib\document.js:3377:32)
    at validatePath (C:\Users\User\Desktop\farmferry\FarmFerryBackendNew\node_modules\mongoose\lib\document.js:3152:13)
    at process.processTicksAndRejections (node:internal/process/task_queues:105:5)
    at async Promise.all (index 0)
    at async model.$__validate (C:\Users\User\Desktop\farmferry\FarmFerryBackendNew\node_modules\mongoose\lib\document.js:3093:3)
    at async model.validate (C:\Users\User\Desktop\farmferry\FarmFerryBackendNew\node_modules\mongoose\lib\document.js:2670:5)
    at async model.validateBeforeSave (C:\Users\User\Desktop\farmferry\FarmFerryBackendNew\node_modules\mongoose\lib\plugins\validateBeforeSave.js:34:7)
    at async Kareem.execPre (C:\Users\User\Desktop\farmferry\FarmFerryBackendNew\node_modules\kareem\index.js:65:24)
    at async model.$__save (C:\Users\User\Desktop\farmferry\FarmFerryBackendNew\node_modules\mongoose\lib\model.js:369:5)
    at async model.save (C:\Users\User\Desktop\farmferry\FarmFerryBackendNew\node_modules\mongoose\lib\model.js:609:5)
    at async POST (C:\Users\User\Desktop\farmferry\FarmFerryBackendNew\.next\dev\server\chunks\[root-of-the-server]__4363d375._.js:1630:13)
    at async AppRouteRouteModule.do (C:\Users\User\Desktop\farmferry\FarmFerryBackendNew\node_modules\next\dist\compiled\next-server\app-route-turbo.runtime.dev.js:5:37866)
    at async AppRouteRouteModule.handle (C:\Users\User\Desktop\farmferry\FarmFerryBackendNew\node_modules\next\dist\compiled\next-server\app-route-turbo.runtime.dev.js:5:45156)
    at async responseGenerator (C:\Users\User\Desktop\farmferry\FarmFerryBackendNew\.next\dev\server\chunks\[root-of-the-server]__5c98ee35._.js:14871:38)
    at async AppRouteRouteModule.handleResponse (C:\Users\User\Desktop\farmferry\FarmFerryBackendNew\node_modules\next\dist\compiled\next-server\app-route-turbo.runtime.dev.js:1:187713)
    at async handleResponse (C:\Users\User\Desktop\farmferry\FarmFerryBackendNew\.next\dev\server\chunks\[root-of-the-server]__5c98ee35._.js:14934:32)
    at async Module.handler (C:\Users\User\Desktop\farmferry\FarmFerryBackendNew\.next\dev\server\chunks\[root-of-the-server]__5c98ee35._.js:14987:13)
    at async DevServer.renderToResponseWithComponentsImpl (C:\Users\User\Desktop\farmferry\FarmFerryBackendNew\node_modules\next\dist\server\base-server.js:1422:9)
    at async DevServer.renderPageComponent (C:\Users\User\Desktop\farmferry\FarmFerryBackendNew\node_modules\next\dist\server\base-server.js:1474:24)
    at async DevServer.renderToResponseImpl (C:\Users\User\Desktop\farmferry\FarmFerryBackendNew\node_modules\next\dist\server\base-server.js:1524:32)
    at async DevServer.pipeImpl (C:\Users\User\Desktop\farmferry\FarmFerryBackendNew\node_modules\next\dist\server\base-server.js:1018:25)
    at async NextNodeServer.handleCatchallRenderRequest (C:\Users\User\Desktop\farmferry\FarmFerryBackendNew\node_modules\next\dist\server\next-server.js:395:17)
    at async DevServer.handleRequestImpl (C:\Users\User\Desktop\farmferry\FarmFerryBackendNew\node_modules\next\dist\server\base-server.js:909:17)
    at async C:\Users\User\Desktop\farmferry\FarmFerryBackendNew\node_modules\next\dist\server\dev\next-dev-server.js:387:20
    at async Span.traceAsyncFn (C:\Users\User\Desktop\farmferry\FarmFerryBackendNew\node_modules\next\dist\trace\trace.js:157:20)
    at async DevServer.handleRequest (C:\Users\User\Desktop\farmferry\FarmFerryBackendNew\node_modules\next\dist\server\dev\next-dev-server.js:383:24)
    at async invokeRender (C:\Users\User\Desktop\farmferry\FarmFerryBackendNew\node_modules\next\dist\server\lib\router-server.js:248:21)
    at async handleRequest (C:\Users\User\Desktop\farmferry\FarmFerryBackendNew\node_modules\next\dist\server\lib\router-server.js:447:24)
    at async requestHandlerImpl (C:\Users\User\Desktop\farmferry\FarmFerryBackendNew\node_modules\next\dist\server\lib\router-server.js:496:13)
    at async Server.requestListener (C:\Users\User\Desktop\farmferry\FarmFerryBackendNew\node_modules\next\dist\server\lib\start-server.js:226:13)
[2026-01-16T05:55:11.472Z] POST /cart Body: {"productId":"695790b1d6474999013ea19f","quantity":1,"userId":"6967263c2d2951851c61b9c9"} | User: 6967263c2d2951851c61b9c9
[2026-01-16T05:55:11.723Z] ERROR: Cart validation failed: customer: Path `customer` is required., items.0.totalPrice: Path `totalPrice` is required., items.0.product: Path `product` is required.
Stack: ValidationError: Cart validation failed: customer: Path `customer` is required., items.0.totalPrice: Path `totalPrice` is required., items.0.product: Path `product` is required.
    at Document.invalidate (C:\Users\User\Desktop\farmferry\FarmFerryBackendNew\node_modules\mongoose\lib\document.js:3377:32)
    at validatePath (C:\Users\User\Desktop\farmferry\FarmFerryBackendNew\node_modules\mongoose\lib\document.js:3152:13)
    at process.processTicksAndRejections (node:internal/process/task_queues:105:5)
    at async Promise.all (index 0)
    at async model.$__validate (C:\Users\User\Desktop\farmferry\FarmFerryBackendNew\node_modules\mongoose\lib\document.js:3093:3)
    at async model.validate (C:\Users\User\Desktop\farmferry\FarmFerryBackendNew\node_modules\mongoose\lib\document.js:2670:5)
    at async model.validateBeforeSave (C:\Users\User\Desktop\farmferry\FarmFerryBackendNew\node_modules\mongoose\lib\plugins\validateBeforeSave.js:34:7)
    at async Kareem.execPre (C:\Users\User\Desktop\farmferry\FarmFerryBackendNew\node_modules\kareem\index.js:65:24)
    at async model.$__save (C:\Users\User\Desktop\farmferry\FarmFerryBackendNew\node_modules\mongoose\lib\model.js:369:5)
    at async model.save (C:\Users\User\Desktop\farmferry\FarmFerryBackendNew\node_modules\mongoose\lib\model.js:609:5)
    at async POST (C:\Users\User\Desktop\farmferry\FarmFerryBackendNew\.next\dev\server\chunks\[root-of-the-server]__4363d375._.js:1630:13)
    at async AppRouteRouteModule.do (C:\Users\User\Desktop\farmferry\FarmFerryBackendNew\node_modules\next\dist\compiled\next-server\app-route-turbo.runtime.dev.js:5:37866)
    at async AppRouteRouteModule.handle (C:\Users\User\Desktop\farmferry\FarmFerryBackendNew\node_modules\next\dist\compiled\next-server\app-route-turbo.runtime.dev.js:5:45156)
    at async responseGenerator (C:\Users\User\Desktop\farmferry\FarmFerryBackendNew\.next\dev\server\chunks\[root-of-the-server]__5c98ee35._.js:14871:38)
    at async AppRouteRouteModule.handleResponse (C:\Users\User\Desktop\farmferry\FarmFerryBackendNew\node_modules\next\dist\compiled\next-server\app-route-turbo.runtime.dev.js:1:187713)
    at async handleResponse (C:\Users\User\Desktop\farmferry\FarmFerryBackendNew\.next\dev\server\chunks\[root-of-the-server]__5c98ee35._.js:14934:32)
    at async Module.handler (C:\Users\User\Desktop\farmferry\FarmFerryBackendNew\.next\dev\server\chunks\[root-of-the-server]__5c98ee35._.js:14987:13)
    at async DevServer.renderToResponseWithComponentsImpl (C:\Users\User\Desktop\farmferry\FarmFerryBackendNew\node_modules\next\dist\server\base-server.js:1422:9)
    at async DevServer.renderPageComponent (C:\Users\User\Desktop\farmferry\FarmFerryBackendNew\node_modules\next\dist\server\base-server.js:1474:24)
    at async DevServer.renderToResponseImpl (C:\Users\User\Desktop\farmferry\FarmFerryBackendNew\node_modules\next\dist\server\base-server.js:1524:32)
    at async DevServer.pipeImpl (C:\Users\User\Desktop\farmferry\FarmFerryBackendNew\node_modules\next\dist\server\base-server.js:1018:25)
    at async NextNodeServer.handleCatchallRenderRequest (C:\Users\User\Desktop\farmferry\FarmFerryBackendNew\node_modules\next\dist\server\next-server.js:395:17)
    at async DevServer.handleRequestImpl (C:\Users\User\Desktop\farmferry\FarmFerryBackendNew\node_modules\next\dist\server\base-server.js:909:17)
    at async C:\Users\User\Desktop\farmferry\FarmFerryBackendNew\node_modules\next\dist\server\dev\next-dev-server.js:387:20
    at async Span.traceAsyncFn (C:\Users\User\Desktop\farmferry\FarmFerryBackendNew\node_modules\next\dist\trace\trace.js:157:20)
    at async DevServer.handleRequest (C:\Users\User\Desktop\farmferry\FarmFerryBackendNew\node_modules\next\dist\server\dev\next-dev-server.js:383:24)
    at async invokeRender (C:\Users\User\Desktop\farmferry\FarmFerryBackendNew\node_modules\next\dist\server\lib\router-server.js:248:21)
    at async handleRequest (C:\Users\User\Desktop\farmferry\FarmFerryBackendNew\node_modules\next\dist\server\lib\router-server.js:447:24)
    at async requestHandlerImpl (C:\Users\User\Desktop\farmferry\FarmFerryBackendNew\node_modules\next\dist\server\lib\router-server.js:496:13)
    at async Server.requestListener (C:\Users\User\Desktop\farmferry\FarmFerryBackendNew\node_modules\next\dist\server\lib\start-server.js:226:13)
[2026-01-16T06:00:16.014Z] POST /cart Body: {"productId":"695790b1d6474999013ea19f","quantity":1,"userId":"6967263c2d2951851c61b9c9"} | User: 6967263c2d2951851c61b9c9
[2026-01-16T06:00:16.119Z] ERROR: Cart validation failed: customer: Path `customer` is required., items.0.totalPrice: Path `totalPrice` is required., items.0.product: Path `product` is required.
Stack: ValidationError: Cart validation failed: customer: Path `customer` is required., items.0.totalPrice: Path `totalPrice` is required., items.0.product: Path `product` is required.
    at Document.invalidate (C:\Users\User\Desktop\farmferry\FarmFerryBackendNew\node_modules\mongoose\lib\document.js:3377:32)
    at validatePath (C:\Users\User\Desktop\farmferry\FarmFerryBackendNew\node_modules\mongoose\lib\document.js:3152:13)
    at process.processTicksAndRejections (node:internal/process/task_queues:105:5)
    at async Promise.all (index 0)
    at async model.$__validate (C:\Users\User\Desktop\farmferry\FarmFerryBackendNew\node_modules\mongoose\lib\document.js:3093:3)
    at async model.validate (C:\Users\User\Desktop\farmferry\FarmFerryBackendNew\node_modules\mongoose\lib\document.js:2670:5)
    at async model.validateBeforeSave (C:\Users\User\Desktop\farmferry\FarmFerryBackendNew\node_modules\mongoose\lib\plugins\validateBeforeSave.js:34:7)
    at async Kareem.execPre (C:\Users\User\Desktop\farmferry\FarmFerryBackendNew\node_modules\kareem\index.js:65:24)
    at async model.$__save (C:\Users\User\Desktop\farmferry\FarmFerryBackendNew\node_modules\mongoose\lib\model.js:369:5)
    at async model.save (C:\Users\User\Desktop\farmferry\FarmFerryBackendNew\node_modules\mongoose\lib\model.js:609:5)
    at async POST (C:\Users\User\Desktop\farmferry\FarmFerryBackendNew\.next\dev\server\chunks\[root-of-the-server]__4363d375._.js:1630:13)
    at async AppRouteRouteModule.do (C:\Users\User\Desktop\farmferry\FarmFerryBackendNew\node_modules\next\dist\compiled\next-server\app-route-turbo.runtime.dev.js:5:37866)
    at async AppRouteRouteModule.handle (C:\Users\User\Desktop\farmferry\FarmFerryBackendNew\node_modules\next\dist\compiled\next-server\app-route-turbo.runtime.dev.js:5:45156)
    at async responseGenerator (C:\Users\User\Desktop\farmferry\FarmFerryBackendNew\.next\dev\server\chunks\[root-of-the-server]__5c98ee35._.js:14871:38)
    at async AppRouteRouteModule.handleResponse (C:\Users\User\Desktop\farmferry\FarmFerryBackendNew\node_modules\next\dist\compiled\next-server\app-route-turbo.runtime.dev.js:1:187713)
    at async handleResponse (C:\Users\User\Desktop\farmferry\FarmFerryBackendNew\.next\dev\server\chunks\[root-of-the-server]__5c98ee35._.js:14934:32)
    at async Module.handler (C:\Users\User\Desktop\farmferry\FarmFerryBackendNew\.next\dev\server\chunks\[root-of-the-server]__5c98ee35._.js:14987:13)
    at async DevServer.renderToResponseWithComponentsImpl (C:\Users\User\Desktop\farmferry\FarmFerryBackendNew\node_modules\next\dist\server\base-server.js:1422:9)
    at async DevServer.renderPageComponent (C:\Users\User\Desktop\farmferry\FarmFerryBackendNew\node_modules\next\dist\server\base-server.js:1474:24)
    at async DevServer.renderToResponseImpl (C:\Users\User\Desktop\farmferry\FarmFerryBackendNew\node_modules\next\dist\server\base-server.js:1524:32)
    at async DevServer.pipeImpl (C:\Users\User\Desktop\farmferry\FarmFerryBackendNew\node_modules\next\dist\server\base-server.js:1018:25)
    at async NextNodeServer.handleCatchallRenderRequest (C:\Users\User\Desktop\farmferry\FarmFerryBackendNew\node_modules\next\dist\server\next-server.js:395:17)
    at async DevServer.handleRequestImpl (C:\Users\User\Desktop\farmferry\FarmFerryBackendNew\node_modules\next\dist\server\base-server.js:909:17)
    at async C:\Users\User\Desktop\farmferry\FarmFerryBackendNew\node_modules\next\dist\server\dev\next-dev-server.js:387:20
    at async Span.traceAsyncFn (C:\Users\User\Desktop\farmferry\FarmFerryBackendNew\node_modules\next\dist\trace\trace.js:157:20)
    at async DevServer.handleRequest (C:\Users\User\Desktop\farmferry\FarmFerryBackendNew\node_modules\next\dist\server\dev\next-dev-server.js:383:24)
    at async invokeRender (C:\Users\User\Desktop\farmferry\FarmFerryBackendNew\node_modules\next\dist\server\lib\router-server.js:248:21)
    at async handleRequest (C:\Users\User\Desktop\farmferry\FarmFerryBackendNew\node_modules\next\dist\server\lib\router-server.js:447:24)
    at async requestHandlerImpl (C:\Users\User\Desktop\farmferry\FarmFerryBackendNew\node_modules\next\dist\server\lib\router-server.js:496:13)
    at async Server.requestListener (C:\Users\User\Desktop\farmferry\FarmFerryBackendNew\node_modules\next\dist\server\lib\start-server.js:226:13)
[2026-01-16T06:01:08.126Z] POST /cart Body: {"productId":"6965e11d1c667d5b26e6ee3c","quantity":1,"userId":"6967263c2d2951851c61b9c9"} | User: 6967263c2d2951851c61b9c9
[2026-01-16T06:01:08.649Z] ERROR: Cart validation failed: customer: Path `customer` is required., items.0.totalPrice: Path `totalPrice` is required., items.0.product: Path `product` is required.
Stack: ValidationError: Cart validation failed: customer: Path `customer` is required., items.0.totalPrice: Path `totalPrice` is required., items.0.product: Path `product` is required.
    at Document.invalidate (C:\Users\User\Desktop\farmferry\FarmFerryBackendNew\node_modules\mongoose\lib\document.js:3377:32)
    at validatePath (C:\Users\User\Desktop\farmferry\FarmFerryBackendNew\node_modules\mongoose\lib\document.js:3152:13)
    at process.processTicksAndRejections (node:internal/process/task_queues:105:5)
    at async Promise.all (index 0)
    at async model.$__validate (C:\Users\User\Desktop\farmferry\FarmFerryBackendNew\node_modules\mongoose\lib\document.js:3093:3)
    at async model.validate (C:\Users\User\Desktop\farmferry\FarmFerryBackendNew\node_modules\mongoose\lib\document.js:2670:5)
    at async model.validateBeforeSave (C:\Users\User\Desktop\farmferry\FarmFerryBackendNew\node_modules\mongoose\lib\plugins\validateBeforeSave.js:34:7)
    at async Kareem.execPre (C:\Users\User\Desktop\farmferry\FarmFerryBackendNew\node_modules\kareem\index.js:65:24)
    at async model.$__save (C:\Users\User\Desktop\farmferry\FarmFerryBackendNew\node_modules\mongoose\lib\model.js:369:5)
    at async model.save (C:\Users\User\Desktop\farmferry\FarmFerryBackendNew\node_modules\mongoose\lib\model.js:609:5)
    at async POST (C:\Users\User\Desktop\farmferry\FarmFerryBackendNew\.next\dev\server\chunks\[root-of-the-server]__4363d375._.js:1630:13)
    at async AppRouteRouteModule.do (C:\Users\User\Desktop\farmferry\FarmFerryBackendNew\node_modules\next\dist\compiled\next-server\app-route-turbo.runtime.dev.js:5:37866)
    at async AppRouteRouteModule.handle (C:\Users\User\Desktop\farmferry\FarmFerryBackendNew\node_modules\next\dist\compiled\next-server\app-route-turbo.runtime.dev.js:5:45156)
    at async responseGenerator (C:\Users\User\Desktop\farmferry\FarmFerryBackendNew\.next\dev\server\chunks\[root-of-the-server]__5c98ee35._.js:14871:38)
    at async AppRouteRouteModule.handleResponse (C:\Users\User\Desktop\farmferry\FarmFerryBackendNew\node_modules\next\dist\compiled\next-server\app-route-turbo.runtime.dev.js:1:187713)
    at async handleResponse (C:\Users\User\Desktop\farmferry\FarmFerryBackendNew\.next\dev\server\chunks\[root-of-the-server]__5c98ee35._.js:14934:32)
    at async Module.handler (C:\Users\User\Desktop\farmferry\FarmFerryBackendNew\.next\dev\server\chunks\[root-of-the-server]__5c98ee35._.js:14987:13)
    at async DevServer.renderToResponseWithComponentsImpl (C:\Users\User\Desktop\farmferry\FarmFerryBackendNew\node_modules\next\dist\server\base-server.js:1422:9)
    at async DevServer.renderPageComponent (C:\Users\User\Desktop\farmferry\FarmFerryBackendNew\node_modules\next\dist\server\base-server.js:1474:24)
    at async DevServer.renderToResponseImpl (C:\Users\User\Desktop\farmferry\FarmFerryBackendNew\node_modules\next\dist\server\base-server.js:1524:32)
    at async DevServer.pipeImpl (C:\Users\User\Desktop\farmferry\FarmFerryBackendNew\node_modules\next\dist\server\base-server.js:1018:25)
    at async NextNodeServer.handleCatchallRenderRequest (C:\Users\User\Desktop\farmferry\FarmFerryBackendNew\node_modules\next\dist\server\next-server.js:395:17)
    at async DevServer.handleRequestImpl (C:\Users\User\Desktop\farmferry\FarmFerryBackendNew\node_modules\next\dist\server\base-server.js:909:17)
    at async C:\Users\User\Desktop\farmferry\FarmFerryBackendNew\node_modules\next\dist\server\dev\next-dev-server.js:387:20
    at async Span.traceAsyncFn (C:\Users\User\Desktop\farmferry\FarmFerryBackendNew\node_modules\next\dist\trace\trace.js:157:20)
    at async DevServer.handleRequest (C:\Users\User\Desktop\farmferry\FarmFerryBackendNew\node_modules\next\dist\server\dev\next-dev-server.js:383:24)
    at async invokeRender (C:\Users\User\Desktop\farmferry\FarmFerryBackendNew\node_modules\next\dist\server\lib\router-server.js:248:21)
    at async handleRequest (C:\Users\User\Desktop\farmferry\FarmFerryBackendNew\node_modules\next\dist\server\lib\router-server.js:447:24)
    at async requestHandlerImpl (C:\Users\User\Desktop\farmferry\FarmFerryBackendNew\node_modules\next\dist\server\lib\router-server.js:496:13)
    at async Server.requestListener (C:\Users\User\Desktop\farmferry\FarmFerryBackendNew\node_modules\next\dist\server\lib\start-server.js:226:13)
[2026-01-16T06:02:00.380Z] POST /cart Body: {"productId":"695790b1d6474999013ea19f","quantity":1,"userId":"6967263c2d2951851c61b9c9"} | User: 6967263c2d2951851c61b9c9
[2026-01-16T06:02:00.553Z] ERROR: Cart validation failed: customer: Path `customer` is required., items.0.totalPrice: Path `totalPrice` is required., items.0.product: Path `product` is required.
Stack: ValidationError: Cart validation failed: customer: Path `customer` is required., items.0.totalPrice: Path `totalPrice` is required., items.0.product: Path `product` is required.
    at Document.invalidate (C:\Users\User\Desktop\farmferry\FarmFerryBackendNew\node_modules\mongoose\lib\document.js:3377:32)
    at validatePath (C:\Users\User\Desktop\farmferry\FarmFerryBackendNew\node_modules\mongoose\lib\document.js:3152:13)
    at process.processTicksAndRejections (node:internal/process/task_queues:105:5)
    at async Promise.all (index 0)
    at async model.$__validate (C:\Users\User\Desktop\farmferry\FarmFerryBackendNew\node_modules\mongoose\lib\document.js:3093:3)
    at async model.validate (C:\Users\User\Desktop\farmferry\FarmFerryBackendNew\node_modules\mongoose\lib\document.js:2670:5)
    at async model.validateBeforeSave (C:\Users\User\Desktop\farmferry\FarmFerryBackendNew\node_modules\mongoose\lib\plugins\validateBeforeSave.js:34:7)
    at async Kareem.execPre (C:\Users\User\Desktop\farmferry\FarmFerryBackendNew\node_modules\kareem\index.js:65:24)
    at async model.$__save (C:\Users\User\Desktop\farmferry\FarmFerryBackendNew\node_modules\mongoose\lib\model.js:369:5)
    at async model.save (C:\Users\User\Desktop\farmferry\FarmFerryBackendNew\node_modules\mongoose\lib\model.js:609:5)
    at async POST (C:\Users\User\Desktop\farmferry\FarmFerryBackendNew\.next\dev\server\chunks\[root-of-the-server]__4363d375._.js:1630:13)
    at async AppRouteRouteModule.do (C:\Users\User\Desktop\farmferry\FarmFerryBackendNew\node_modules\next\dist\compiled\next-server\app-route-turbo.runtime.dev.js:5:37866)
    at async AppRouteRouteModule.handle (C:\Users\User\Desktop\farmferry\FarmFerryBackendNew\node_modules\next\dist\compiled\next-server\app-route-turbo.runtime.dev.js:5:45156)
    at async responseGenerator (C:\Users\User\Desktop\farmferry\FarmFerryBackendNew\.next\dev\server\chunks\[root-of-the-server]__5c98ee35._.js:14871:38)
    at async AppRouteRouteModule.handleResponse (C:\Users\User\Desktop\farmferry\FarmFerryBackendNew\node_modules\next\dist\compiled\next-server\app-route-turbo.runtime.dev.js:1:187713)
    at async handleResponse (C:\Users\User\Desktop\farmferry\FarmFerryBackendNew\.next\dev\server\chunks\[root-of-the-server]__5c98ee35._.js:14934:32)
    at async Module.handler (C:\Users\User\Desktop\farmferry\FarmFerryBackendNew\.next\dev\server\chunks\[root-of-the-server]__5c98ee35._.js:14987:13)
    at async DevServer.renderToResponseWithComponentsImpl (C:\Users\User\Desktop\farmferry\FarmFerryBackendNew\node_modules\next\dist\server\base-server.js:1422:9)
    at async DevServer.renderPageComponent (C:\Users\User\Desktop\farmferry\FarmFerryBackendNew\node_modules\next\dist\server\base-server.js:1474:24)
    at async DevServer.renderToResponseImpl (C:\Users\User\Desktop\farmferry\FarmFerryBackendNew\node_modules\next\dist\server\base-server.js:1524:32)
    at async DevServer.pipeImpl (C:\Users\User\Desktop\farmferry\FarmFerryBackendNew\node_modules\next\dist\server\base-server.js:1018:25)
    at async NextNodeServer.handleCatchallRenderRequest (C:\Users\User\Desktop\farmferry\FarmFerryBackendNew\node_modules\next\dist\server\next-server.js:395:17)
    at async DevServer.handleRequestImpl (C:\Users\User\Desktop\farmferry\FarmFerryBackendNew\node_modules\next\dist\server\base-server.js:909:17)
    at async C:\Users\User\Desktop\farmferry\FarmFerryBackendNew\node_modules\next\dist\server\dev\next-dev-server.js:387:20
    at async Span.traceAsyncFn (C:\Users\User\Desktop\farmferry\FarmFerryBackendNew\node_modules\next\dist\trace\trace.js:157:20)
    at async DevServer.handleRequest (C:\Users\User\Desktop\farmferry\FarmFerryBackendNew\node_modules\next\dist\server\dev\next-dev-server.js:383:24)
    at async invokeRender (C:\Users\User\Desktop\farmferry\FarmFerryBackendNew\node_modules\next\dist\server\lib\router-server.js:248:21)
    at async handleRequest (C:\Users\User\Desktop\farmferry\FarmFerryBackendNew\node_modules\next\dist\server\lib\router-server.js:447:24)
    at async requestHandlerImpl (C:\Users\User\Desktop\farmferry\FarmFerryBackendNew\node_modules\next\dist\server\lib\router-server.js:496:13)
    at async Server.requestListener (C:\Users\User\Desktop\farmferry\FarmFerryBackendNew\node_modules\next\dist\server\lib\start-server.js:226:13)
[2026-01-16T06:03:59.616Z] POST /cart Body: {"productId":"695790b1d6474999013ea19f","quantity":1,"userId":"6967263c2d2951851c61b9c9"} | User: 6967263c2d2951851c61b9c9
[2026-01-16T06:03:59.730Z] ERROR: Cart validation failed: customer: Path `customer` is required., items.0.totalPrice: Path `totalPrice` is required., items.0.product: Path `product` is required.
Stack: ValidationError: Cart validation failed: customer: Path `customer` is required., items.0.totalPrice: Path `totalPrice` is required., items.0.product: Path `product` is required.
    at Document.invalidate (C:\Users\User\Desktop\farmferry\FarmFerryBackendNew\node_modules\mongoose\lib\document.js:3377:32)
    at validatePath (C:\Users\User\Desktop\farmferry\FarmFerryBackendNew\node_modules\mongoose\lib\document.js:3152:13)
    at process.processTicksAndRejections (node:internal/process/task_queues:105:5)
    at async Promise.all (index 0)
    at async model.$__validate (C:\Users\User\Desktop\farmferry\FarmFerryBackendNew\node_modules\mongoose\lib\document.js:3093:3)
    at async model.validate (C:\Users\User\Desktop\farmferry\FarmFerryBackendNew\node_modules\mongoose\lib\document.js:2670:5)
    at async model.validateBeforeSave (C:\Users\User\Desktop\farmferry\FarmFerryBackendNew\node_modules\mongoose\lib\plugins\validateBeforeSave.js:34:7)
    at async Kareem.execPre (C:\Users\User\Desktop\farmferry\FarmFerryBackendNew\node_modules\kareem\index.js:65:24)
    at async model.$__save (C:\Users\User\Desktop\farmferry\FarmFerryBackendNew\node_modules\mongoose\lib\model.js:369:5)
    at async model.save (C:\Users\User\Desktop\farmferry\FarmFerryBackendNew\node_modules\mongoose\lib\model.js:609:5)
    at async POST (C:\Users\User\Desktop\farmferry\FarmFerryBackendNew\.next\dev\server\chunks\[root-of-the-server]__4363d375._.js:1630:13)
    at async AppRouteRouteModule.do (C:\Users\User\Desktop\farmferry\FarmFerryBackendNew\node_modules\next\dist\compiled\next-server\app-route-turbo.runtime.dev.js:5:37866)
    at async AppRouteRouteModule.handle (C:\Users\User\Desktop\farmferry\FarmFerryBackendNew\node_modules\next\dist\compiled\next-server\app-route-turbo.runtime.dev.js:5:45156)
    at async responseGenerator (C:\Users\User\Desktop\farmferry\FarmFerryBackendNew\.next\dev\server\chunks\[root-of-the-server]__5c98ee35._.js:14871:38)
    at async AppRouteRouteModule.handleResponse (C:\Users\User\Desktop\farmferry\FarmFerryBackendNew\node_modules\next\dist\compiled\next-server\app-route-turbo.runtime.dev.js:1:187713)
    at async handleResponse (C:\Users\User\Desktop\farmferry\FarmFerryBackendNew\.next\dev\server\chunks\[root-of-the-server]__5c98ee35._.js:14934:32)
    at async Module.handler (C:\Users\User\Desktop\farmferry\FarmFerryBackendNew\.next\dev\server\chunks\[root-of-the-server]__5c98ee35._.js:14987:13)
    at async DevServer.renderToResponseWithComponentsImpl (C:\Users\User\Desktop\farmferry\FarmFerryBackendNew\node_modules\next\dist\server\base-server.js:1422:9)
    at async DevServer.renderPageComponent (C:\Users\User\Desktop\farmferry\FarmFerryBackendNew\node_modules\next\dist\server\base-server.js:1474:24)
    at async DevServer.renderToResponseImpl (C:\Users\User\Desktop\farmferry\FarmFerryBackendNew\node_modules\next\dist\server\base-server.js:1524:32)
    at async DevServer.pipeImpl (C:\Users\User\Desktop\farmferry\FarmFerryBackendNew\node_modules\next\dist\server\base-server.js:1018:25)
    at async NextNodeServer.handleCatchallRenderRequest (C:\Users\User\Desktop\farmferry\FarmFerryBackendNew\node_modules\next\dist\server\next-server.js:395:17)
    at async DevServer.handleRequestImpl (C:\Users\User\Desktop\farmferry\FarmFerryBackendNew\node_modules\next\dist\server\base-server.js:909:17)
    at async C:\Users\User\Desktop\farmferry\FarmFerryBackendNew\node_modules\next\dist\server\dev\next-dev-server.js:387:20
    at async Span.traceAsyncFn (C:\Users\User\Desktop\farmferry\FarmFerryBackendNew\node_modules\next\dist\trace\trace.js:157:20)
    at async DevServer.handleRequest (C:\Users\User\Desktop\farmferry\FarmFerryBackendNew\node_modules\next\dist\server\dev\next-dev-server.js:383:24)
    at async invokeRender (C:\Users\User\Desktop\farmferry\FarmFerryBackendNew\node_modules\next\dist\server\lib\router-server.js:248:21)
    at async handleRequest (C:\Users\User\Desktop\farmferry\FarmFerryBackendNew\node_modules\next\dist\server\lib\router-server.js:447:24)
    at async requestHandlerImpl (C:\Users\User\Desktop\farmferry\FarmFerryBackendNew\node_modules\next\dist\server\lib\router-server.js:496:13)
    at async Server.requestListener (C:\Users\User\Desktop\farmferry\FarmFerryBackendNew\node_modules\next\dist\server\lib\start-server.js:226:13)
[2026-01-16T06:06:22.820Z] POST /cart Body: {"productId":"695790b1d6474999013ea19f","quantity":1,"userId":"6967263c2d2951851c61b9c9"} | User: 6967263c2d2951851c61b9c9
[2026-01-16T06:06:22.954Z] ERROR: Cart validation failed: customer: Path `customer` is required., items.0.totalPrice: Path `totalPrice` is required., items.0.product: Path `product` is required.
Stack: ValidationError: Cart validation failed: customer: Path `customer` is required., items.0.totalPrice: Path `totalPrice` is required., items.0.product: Path `product` is required.
    at Document.invalidate (C:\Users\User\Desktop\farmferry\FarmFerryBackendNew\node_modules\mongoose\lib\document.js:3377:32)
    at validatePath (C:\Users\User\Desktop\farmferry\FarmFerryBackendNew\node_modules\mongoose\lib\document.js:3152:13)
    at process.processTicksAndRejections (node:internal/process/task_queues:105:5)
    at async Promise.all (index 0)
    at async model.$__validate (C:\Users\User\Desktop\farmferry\FarmFerryBackendNew\node_modules\mongoose\lib\document.js:3093:3)
    at async model.validate (C:\Users\User\Desktop\farmferry\FarmFerryBackendNew\node_modules\mongoose\lib\document.js:2670:5)
    at async model.validateBeforeSave (C:\Users\User\Desktop\farmferry\FarmFerryBackendNew\node_modules\mongoose\lib\plugins\validateBeforeSave.js:34:7)
    at async Kareem.execPre (C:\Users\User\Desktop\farmferry\FarmFerryBackendNew\node_modules\kareem\index.js:65:24)
    at async model.$__save (C:\Users\User\Desktop\farmferry\FarmFerryBackendNew\node_modules\mongoose\lib\model.js:369:5)
    at async model.save (C:\Users\User\Desktop\farmferry\FarmFerryBackendNew\node_modules\mongoose\lib\model.js:609:5)
    at async POST (C:\Users\User\Desktop\farmferry\FarmFerryBackendNew\.next\dev\server\chunks\[root-of-the-server]__4363d375._.js:1630:13)
    at async AppRouteRouteModule.do (C:\Users\User\Desktop\farmferry\FarmFerryBackendNew\node_modules\next\dist\compiled\next-server\app-route-turbo.runtime.dev.js:5:37866)
    at async AppRouteRouteModule.handle (C:\Users\User\Desktop\farmferry\FarmFerryBackendNew\node_modules\next\dist\compiled\next-server\app-route-turbo.runtime.dev.js:5:45156)
    at async responseGenerator (C:\Users\User\Desktop\farmferry\FarmFerryBackendNew\.next\dev\server\chunks\[root-of-the-server]__5c98ee35._.js:14871:38)
    at async AppRouteRouteModule.handleResponse (C:\Users\User\Desktop\farmferry\FarmFerryBackendNew\node_modules\next\dist\compiled\next-server\app-route-turbo.runtime.dev.js:1:187713)
    at async handleResponse (C:\Users\User\Desktop\farmferry\FarmFerryBackendNew\.next\dev\server\chunks\[root-of-the-server]__5c98ee35._.js:14934:32)
    at async Module.handler (C:\Users\User\Desktop\farmferry\FarmFerryBackendNew\.next\dev\server\chunks\[root-of-the-server]__5c98ee35._.js:14987:13)
    at async DevServer.renderToResponseWithComponentsImpl (C:\Users\User\Desktop\farmferry\FarmFerryBackendNew\node_modules\next\dist\server\base-server.js:1422:9)
    at async DevServer.renderPageComponent (C:\Users\User\Desktop\farmferry\FarmFerryBackendNew\node_modules\next\dist\server\base-server.js:1474:24)
    at async DevServer.renderToResponseImpl (C:\Users\User\Desktop\farmferry\FarmFerryBackendNew\node_modules\next\dist\server\base-server.js:1524:32)
    at async DevServer.pipeImpl (C:\Users\User\Desktop\farmferry\FarmFerryBackendNew\node_modules\next\dist\server\base-server.js:1018:25)
    at async NextNodeServer.handleCatchallRenderRequest (C:\Users\User\Desktop\farmferry\FarmFerryBackendNew\node_modules\next\dist\server\next-server.js:395:17)
    at async DevServer.handleRequestImpl (C:\Users\User\Desktop\farmferry\FarmFerryBackendNew\node_modules\next\dist\server\base-server.js:909:17)
    at async C:\Users\User\Desktop\farmferry\FarmFerryBackendNew\node_modules\next\dist\server\dev\next-dev-server.js:387:20
    at async Span.traceAsyncFn (C:\Users\User\Desktop\farmferry\FarmFerryBackendNew\node_modules\next\dist\trace\trace.js:157:20)
    at async DevServer.handleRequest (C:\Users\User\Desktop\farmferry\FarmFerryBackendNew\node_modules\next\dist\server\dev\next-dev-server.js:383:24)
    at async invokeRender (C:\Users\User\Desktop\farmferry\FarmFerryBackendNew\node_modules\next\dist\server\lib\router-server.js:248:21)
    at async handleRequest (C:\Users\User\Desktop\farmferry\FarmFerryBackendNew\node_modules\next\dist\server\lib\router-server.js:447:24)
    at async requestHandlerImpl (C:\Users\User\Desktop\farmferry\FarmFerryBackendNew\node_modules\next\dist\server\lib\router-server.js:496:13)
    at async Server.requestListener (C:\Users\User\Desktop\farmferry\FarmFerryBackendNew\node_modules\next\dist\server\lib\start-server.js:226:13)
[2026-01-16T06:08:53.277Z] POST /cart Body: {"productId":"695790b1d6474999013ea19f","quantity":1,"userId":"6967263c2d2951851c61b9c9"} | User: 6967263c2d2951851c61b9c9
[2026-01-16T06:08:53.461Z] ERROR: Cart validation failed: customer: Path `customer` is required., items.0.totalPrice: Path `totalPrice` is required., items.0.product: Path `product` is required.
Stack: ValidationError: Cart validation failed: customer: Path `customer` is required., items.0.totalPrice: Path `totalPrice` is required., items.0.product: Path `product` is required.
    at Document.invalidate (C:\Users\User\Desktop\farmferry\FarmFerryBackendNew\node_modules\mongoose\lib\document.js:3377:32)
    at validatePath (C:\Users\User\Desktop\farmferry\FarmFerryBackendNew\node_modules\mongoose\lib\document.js:3152:13)
    at process.processTicksAndRejections (node:internal/process/task_queues:105:5)
    at async Promise.all (index 0)
    at async model.$__validate (C:\Users\User\Desktop\farmferry\FarmFerryBackendNew\node_modules\mongoose\lib\document.js:3093:3)
    at async model.validate (C:\Users\User\Desktop\farmferry\FarmFerryBackendNew\node_modules\mongoose\lib\document.js:2670:5)
    at async model.validateBeforeSave (C:\Users\User\Desktop\farmferry\FarmFerryBackendNew\node_modules\mongoose\lib\plugins\validateBeforeSave.js:34:7)
    at async Kareem.execPre (C:\Users\User\Desktop\farmferry\FarmFerryBackendNew\node_modules\kareem\index.js:65:24)
    at async model.$__save (C:\Users\User\Desktop\farmferry\FarmFerryBackendNew\node_modules\mongoose\lib\model.js:369:5)
    at async model.save (C:\Users\User\Desktop\farmferry\FarmFerryBackendNew\node_modules\mongoose\lib\model.js:609:5)
    at async POST (C:\Users\User\Desktop\farmferry\FarmFerryBackendNew\.next\dev\server\chunks\[root-of-the-server]__4363d375._.js:1630:13)
    at async AppRouteRouteModule.do (C:\Users\User\Desktop\farmferry\FarmFerryBackendNew\node_modules\next\dist\compiled\next-server\app-route-turbo.runtime.dev.js:5:37866)
    at async AppRouteRouteModule.handle (C:\Users\User\Desktop\farmferry\FarmFerryBackendNew\node_modules\next\dist\compiled\next-server\app-route-turbo.runtime.dev.js:5:45156)
    at async responseGenerator (C:\Users\User\Desktop\farmferry\FarmFerryBackendNew\.next\dev\server\chunks\[root-of-the-server]__5c98ee35._.js:14871:38)
    at async AppRouteRouteModule.handleResponse (C:\Users\User\Desktop\farmferry\FarmFerryBackendNew\node_modules\next\dist\compiled\next-server\app-route-turbo.runtime.dev.js:1:187713)
    at async handleResponse (C:\Users\User\Desktop\farmferry\FarmFerryBackendNew\.next\dev\server\chunks\[root-of-the-server]__5c98ee35._.js:14934:32)
    at async Module.handler (C:\Users\User\Desktop\farmferry\FarmFerryBackendNew\.next\dev\server\chunks\[root-of-the-server]__5c98ee35._.js:14987:13)
    at async DevServer.renderToResponseWithComponentsImpl (C:\Users\User\Desktop\farmferry\FarmFerryBackendNew\node_modules\next\dist\server\base-server.js:1422:9)
    at async DevServer.renderPageComponent (C:\Users\User\Desktop\farmferry\FarmFerryBackendNew\node_modules\next\dist\server\base-server.js:1474:24)
    at async DevServer.renderToResponseImpl (C:\Users\User\Desktop\farmferry\FarmFerryBackendNew\node_modules\next\dist\server\base-server.js:1524:32)
    at async DevServer.pipeImpl (C:\Users\User\Desktop\farmferry\FarmFerryBackendNew\node_modules\next\dist\server\base-server.js:1018:25)
    at async NextNodeServer.handleCatchallRenderRequest (C:\Users\User\Desktop\farmferry\FarmFerryBackendNew\node_modules\next\dist\server\next-server.js:395:17)
    at async DevServer.handleRequestImpl (C:\Users\User\Desktop\farmferry\FarmFerryBackendNew\node_modules\next\dist\server\base-server.js:909:17)
    at async C:\Users\User\Desktop\farmferry\FarmFerryBackendNew\node_modules\next\dist\server\dev\next-dev-server.js:387:20
    at async Span.traceAsyncFn (C:\Users\User\Desktop\farmferry\FarmFerryBackendNew\node_modules\next\dist\trace\trace.js:157:20)
    at async DevServer.handleRequest (C:\Users\User\Desktop\farmferry\FarmFerryBackendNew\node_modules\next\dist\server\dev\next-dev-server.js:383:24)
    at async invokeRender (C:\Users\User\Desktop\farmferry\FarmFerryBackendNew\node_modules\next\dist\server\lib\router-server.js:248:21)
    at async handleRequest (C:\Users\User\Desktop\farmferry\FarmFerryBackendNew\node_modules\next\dist\server\lib\router-server.js:447:24)
    at async requestHandlerImpl (C:\Users\User\Desktop\farmferry\FarmFerryBackendNew\node_modules\next\dist\server\lib\router-server.js:496:13)
    at async Server.requestListener (C:\Users\User\Desktop\farmferry\FarmFerryBackendNew\node_modules\next\dist\server\lib\start-server.js:226:13)
[2026-01-16T06:12:05.441Z] POST /cart Body: {"productId":"6965e11d1c667d5b26e6ee3c","quantity":1,"userId":"6967263c2d2951851c61b9c9"} | User: 6967263c2d2951851c61b9c9
[2026-01-16T06:12:05.619Z] ERROR: Cart validation failed: customer: Path `customer` is required., items.0.totalPrice: Path `totalPrice` is required., items.0.product: Path `product` is required.
Stack: ValidationError: Cart validation failed: customer: Path `customer` is required., items.0.totalPrice: Path `totalPrice` is required., items.0.product: Path `product` is required.
    at Document.invalidate (C:\Users\User\Desktop\farmferry\FarmFerryBackendNew\node_modules\mongoose\lib\document.js:3377:32)
    at validatePath (C:\Users\User\Desktop\farmferry\FarmFerryBackendNew\node_modules\mongoose\lib\document.js:3152:13)
    at process.processTicksAndRejections (node:internal/process/task_queues:105:5)
    at async Promise.all (index 0)
    at async model.$__validate (C:\Users\User\Desktop\farmferry\FarmFerryBackendNew\node_modules\mongoose\lib\document.js:3093:3)
    at async model.validate (C:\Users\User\Desktop\farmferry\FarmFerryBackendNew\node_modules\mongoose\lib\document.js:2670:5)
    at async model.validateBeforeSave (C:\Users\User\Desktop\farmferry\FarmFerryBackendNew\node_modules\mongoose\lib\plugins\validateBeforeSave.js:34:7)
    at async Kareem.execPre (C:\Users\User\Desktop\farmferry\FarmFerryBackendNew\node_modules\kareem\index.js:65:24)
    at async model.$__save (C:\Users\User\Desktop\farmferry\FarmFerryBackendNew\node_modules\mongoose\lib\model.js:369:5)
    at async model.save (C:\Users\User\Desktop\farmferry\FarmFerryBackendNew\node_modules\mongoose\lib\model.js:609:5)
    at async POST (C:\Users\User\Desktop\farmferry\FarmFerryBackendNew\.next\dev\server\chunks\[root-of-the-server]__4363d375._.js:1630:13)
    at async AppRouteRouteModule.do (C:\Users\User\Desktop\farmferry\FarmFerryBackendNew\node_modules\next\dist\compiled\next-server\app-route-turbo.runtime.dev.js:5:37866)
    at async AppRouteRouteModule.handle (C:\Users\User\Desktop\farmferry\FarmFerryBackendNew\node_modules\next\dist\compiled\next-server\app-route-turbo.runtime.dev.js:5:45156)
    at async responseGenerator (C:\Users\User\Desktop\farmferry\FarmFerryBackendNew\.next\dev\server\chunks\[root-of-the-server]__5c98ee35._.js:14871:38)
    at async AppRouteRouteModule.handleResponse (C:\Users\User\Desktop\farmferry\FarmFerryBackendNew\node_modules\next\dist\compiled\next-server\app-route-turbo.runtime.dev.js:1:187713)
    at async handleResponse (C:\Users\User\Desktop\farmferry\FarmFerryBackendNew\.next\dev\server\chunks\[root-of-the-server]__5c98ee35._.js:14934:32)
    at async Module.handler (C:\Users\User\Desktop\farmferry\FarmFerryBackendNew\.next\dev\server\chunks\[root-of-the-server]__5c98ee35._.js:14987:13)
    at async DevServer.renderToResponseWithComponentsImpl (C:\Users\User\Desktop\farmferry\FarmFerryBackendNew\node_modules\next\dist\server\base-server.js:1422:9)
    at async DevServer.renderPageComponent (C:\Users\User\Desktop\farmferry\FarmFerryBackendNew\node_modules\next\dist\server\base-server.js:1474:24)
    at async DevServer.renderToResponseImpl (C:\Users\User\Desktop\farmferry\FarmFerryBackendNew\node_modules\next\dist\server\base-server.js:1524:32)
    at async DevServer.pipeImpl (C:\Users\User\Desktop\farmferry\FarmFerryBackendNew\node_modules\next\dist\server\base-server.js:1018:25)
    at async NextNodeServer.handleCatchallRenderRequest (C:\Users\User\Desktop\farmferry\FarmFerryBackendNew\node_modules\next\dist\server\next-server.js:395:17)
    at async DevServer.handleRequestImpl (C:\Users\User\Desktop\farmferry\FarmFerryBackendNew\node_modules\next\dist\server\base-server.js:909:17)
    at async C:\Users\User\Desktop\farmferry\FarmFerryBackendNew\node_modules\next\dist\server\dev\next-dev-server.js:387:20
    at async Span.traceAsyncFn (C:\Users\User\Desktop\farmferry\FarmFerryBackendNew\node_modules\next\dist\trace\trace.js:157:20)
    at async DevServer.handleRequest (C:\Users\User\Desktop\farmferry\FarmFerryBackendNew\node_modules\next\dist\server\dev\next-dev-server.js:383:24)
    at async invokeRender (C:\Users\User\Desktop\farmferry\FarmFerryBackendNew\node_modules\next\dist\server\lib\router-server.js:248:21)
    at async handleRequest (C:\Users\User\Desktop\farmferry\FarmFerryBackendNew\node_modules\next\dist\server\lib\router-server.js:447:24)
    at async requestHandlerImpl (C:\Users\User\Desktop\farmferry\FarmFerryBackendNew\node_modules\next\dist\server\lib\router-server.js:496:13)
    at async Server.requestListener (C:\Users\User\Desktop\farmferry\FarmFerryBackendNew\node_modules\next\dist\server\lib\start-server.js:226:13)
[2026-01-16T06:12:08.827Z] POST /cart Body: {"productId":"6965e11d1c667d5b26e6ee3c","quantity":1,"userId":"6967263c2d2951851c61b9c9"} | User: 6967263c2d2951851c61b9c9
[2026-01-16T06:12:09.017Z] ERROR: Cart validation failed: customer: Path `customer` is required., items.0.totalPrice: Path `totalPrice` is required., items.0.product: Path `product` is required.
Stack: ValidationError: Cart validation failed: customer: Path `customer` is required., items.0.totalPrice: Path `totalPrice` is required., items.0.product: Path `product` is required.
    at Document.invalidate (C:\Users\User\Desktop\farmferry\FarmFerryBackendNew\node_modules\mongoose\lib\document.js:3377:32)
    at validatePath (C:\Users\User\Desktop\farmferry\FarmFerryBackendNew\node_modules\mongoose\lib\document.js:3152:13)
    at process.processTicksAndRejections (node:internal/process/task_queues:105:5)
    at async Promise.all (index 0)
    at async model.$__validate (C:\Users\User\Desktop\farmferry\FarmFerryBackendNew\node_modules\mongoose\lib\document.js:3093:3)
    at async model.validate (C:\Users\User\Desktop\farmferry\FarmFerryBackendNew\node_modules\mongoose\lib\document.js:2670:5)
    at async model.validateBeforeSave (C:\Users\User\Desktop\farmferry\FarmFerryBackendNew\node_modules\mongoose\lib\plugins\validateBeforeSave.js:34:7)
    at async Kareem.execPre (C:\Users\User\Desktop\farmferry\FarmFerryBackendNew\node_modules\kareem\index.js:65:24)
    at async model.$__save (C:\Users\User\Desktop\farmferry\FarmFerryBackendNew\node_modules\mongoose\lib\model.js:369:5)
    at async model.save (C:\Users\User\Desktop\farmferry\FarmFerryBackendNew\node_modules\mongoose\lib\model.js:609:5)
    at async POST (C:\Users\User\Desktop\farmferry\FarmFerryBackendNew\.next\dev\server\chunks\[root-of-the-server]__4363d375._.js:1630:13)
    at async AppRouteRouteModule.do (C:\Users\User\Desktop\farmferry\FarmFerryBackendNew\node_modules\next\dist\compiled\next-server\app-route-turbo.runtime.dev.js:5:37866)
    at async AppRouteRouteModule.handle (C:\Users\User\Desktop\farmferry\FarmFerryBackendNew\node_modules\next\dist\compiled\next-server\app-route-turbo.runtime.dev.js:5:45156)
    at async responseGenerator (C:\Users\User\Desktop\farmferry\FarmFerryBackendNew\.next\dev\server\chunks\[root-of-the-server]__5c98ee35._.js:14871:38)
    at async AppRouteRouteModule.handleResponse (C:\Users\User\Desktop\farmferry\FarmFerryBackendNew\node_modules\next\dist\compiled\next-server\app-route-turbo.runtime.dev.js:1:187713)
    at async handleResponse (C:\Users\User\Desktop\farmferry\FarmFerryBackendNew\.next\dev\server\chunks\[root-of-the-server]__5c98ee35._.js:14934:32)
    at async Module.handler (C:\Users\User\Desktop\farmferry\FarmFerryBackendNew\.next\dev\server\chunks\[root-of-the-server]__5c98ee35._.js:14987:13)
    at async DevServer.renderToResponseWithComponentsImpl (C:\Users\User\Desktop\farmferry\FarmFerryBackendNew\node_modules\next\dist\server\base-server.js:1422:9)
    at async DevServer.renderPageComponent (C:\Users\User\Desktop\farmferry\FarmFerryBackendNew\node_modules\next\dist\server\base-server.js:1474:24)
    at async DevServer.renderToResponseImpl (C:\Users\User\Desktop\farmferry\FarmFerryBackendNew\node_modules\next\dist\server\base-server.js:1524:32)
    at async DevServer.pipeImpl (C:\Users\User\Desktop\farmferry\FarmFerryBackendNew\node_modules\next\dist\server\base-server.js:1018:25)
    at async NextNodeServer.handleCatchallRenderRequest (C:\Users\User\Desktop\farmferry\FarmFerryBackendNew\node_modules\next\dist\server\next-server.js:395:17)
    at async DevServer.handleRequestImpl (C:\Users\User\Desktop\farmferry\FarmFerryBackendNew\node_modules\next\dist\server\base-server.js:909:17)
    at async C:\Users\User\Desktop\farmferry\FarmFerryBackendNew\node_modules\next\dist\server\dev\next-dev-server.js:387:20
    at async Span.traceAsyncFn (C:\Users\User\Desktop\farmferry\FarmFerryBackendNew\node_modules\next\dist\trace\trace.js:157:20)
    at async DevServer.handleRequest (C:\Users\User\Desktop\farmferry\FarmFerryBackendNew\node_modules\next\dist\server\dev\next-dev-server.js:383:24)
    at async invokeRender (C:\Users\User\Desktop\farmferry\FarmFerryBackendNew\node_modules\next\dist\server\lib\router-server.js:248:21)
    at async handleRequest (C:\Users\User\Desktop\farmferry\FarmFerryBackendNew\node_modules\next\dist\server\lib\router-server.js:447:24)
    at async requestHandlerImpl (C:\Users\User\Desktop\farmferry\FarmFerryBackendNew\node_modules\next\dist\server\lib\router-server.js:496:13)
    at async Server.requestListener (C:\Users\User\Desktop\farmferry\FarmFerryBackendNew\node_modules\next\dist\server\lib\start-server.js:226:13)
[2026-01-16T06:17:24.836Z] POST /cart Body: {"productId":"695790b1d6474999013ea19f","quantity":1,"userId":"6967263c2d2951851c61b9c9"} | User: 6967263c2d2951851c61b9c9
[2026-01-16T06:17:24.952Z] ERROR: Cart validation failed: customer: Path `customer` is required., items.0.totalPrice: Path `totalPrice` is required., items.0.product: Path `product` is required.
Stack: ValidationError: Cart validation failed: customer: Path `customer` is required., items.0.totalPrice: Path `totalPrice` is required., items.0.product: Path `product` is required.
    at Document.invalidate (C:\Users\User\Desktop\farmferry\FarmFerryBackendNew\node_modules\mongoose\lib\document.js:3377:32)
    at validatePath (C:\Users\User\Desktop\farmferry\FarmFerryBackendNew\node_modules\mongoose\lib\document.js:3152:13)
    at process.processTicksAndRejections (node:internal/process/task_queues:105:5)
    at async Promise.all (index 0)
    at async model.$__validate (C:\Users\User\Desktop\farmferry\FarmFerryBackendNew\node_modules\mongoose\lib\document.js:3093:3)
    at async model.validate (C:\Users\User\Desktop\farmferry\FarmFerryBackendNew\node_modules\mongoose\lib\document.js:2670:5)
    at async model.validateBeforeSave (C:\Users\User\Desktop\farmferry\FarmFerryBackendNew\node_modules\mongoose\lib\plugins\validateBeforeSave.js:34:7)
    at async Kareem.execPre (C:\Users\User\Desktop\farmferry\FarmFerryBackendNew\node_modules\kareem\index.js:65:24)
    at async model.$__save (C:\Users\User\Desktop\farmferry\FarmFerryBackendNew\node_modules\mongoose\lib\model.js:369:5)
    at async model.save (C:\Users\User\Desktop\farmferry\FarmFerryBackendNew\node_modules\mongoose\lib\model.js:609:5)
    at async POST (C:\Users\User\Desktop\farmferry\FarmFerryBackendNew\.next\dev\server\chunks\[root-of-the-server]__4363d375._.js:1630:13)
    at async AppRouteRouteModule.do (C:\Users\User\Desktop\farmferry\FarmFerryBackendNew\node_modules\next\dist\compiled\next-server\app-route-turbo.runtime.dev.js:5:37866)
    at async AppRouteRouteModule.handle (C:\Users\User\Desktop\farmferry\FarmFerryBackendNew\node_modules\next\dist\compiled\next-server\app-route-turbo.runtime.dev.js:5:45156)
    at async responseGenerator (C:\Users\User\Desktop\farmferry\FarmFerryBackendNew\.next\dev\server\chunks\[root-of-the-server]__5c98ee35._.js:14871:38)
    at async AppRouteRouteModule.handleResponse (C:\Users\User\Desktop\farmferry\FarmFerryBackendNew\node_modules\next\dist\compiled\next-server\app-route-turbo.runtime.dev.js:1:187713)
    at async handleResponse (C:\Users\User\Desktop\farmferry\FarmFerryBackendNew\.next\dev\server\chunks\[root-of-the-server]__5c98ee35._.js:14934:32)
    at async Module.handler (C:\Users\User\Desktop\farmferry\FarmFerryBackendNew\.next\dev\server\chunks\[root-of-the-server]__5c98ee35._.js:14987:13)
    at async DevServer.renderToResponseWithComponentsImpl (C:\Users\User\Desktop\farmferry\FarmFerryBackendNew\node_modules\next\dist\server\base-server.js:1422:9)
    at async DevServer.renderPageComponent (C:\Users\User\Desktop\farmferry\FarmFerryBackendNew\node_modules\next\dist\server\base-server.js:1474:24)
    at async DevServer.renderToResponseImpl (C:\Users\User\Desktop\farmferry\FarmFerryBackendNew\node_modules\next\dist\server\base-server.js:1524:32)
    at async DevServer.pipeImpl (C:\Users\User\Desktop\farmferry\FarmFerryBackendNew\node_modules\next\dist\server\base-server.js:1018:25)
    at async NextNodeServer.handleCatchallRenderRequest (C:\Users\User\Desktop\farmferry\FarmFerryBackendNew\node_modules\next\dist\server\next-server.js:395:17)
    at async DevServer.handleRequestImpl (C:\Users\User\Desktop\farmferry\FarmFerryBackendNew\node_modules\next\dist\server\base-server.js:909:17)
    at async C:\Users\User\Desktop\farmferry\FarmFerryBackendNew\node_modules\next\dist\server\dev\next-dev-server.js:387:20
    at async Span.traceAsyncFn (C:\Users\User\Desktop\farmferry\FarmFerryBackendNew\node_modules\next\dist\trace\trace.js:157:20)
    at async DevServer.handleRequest (C:\Users\User\Desktop\farmferry\FarmFerryBackendNew\node_modules\next\dist\server\dev\next-dev-server.js:383:24)
    at async invokeRender (C:\Users\User\Desktop\farmferry\FarmFerryBackendNew\node_modules\next\dist\server\lib\router-server.js:248:21)
    at async handleRequest (C:\Users\User\Desktop\farmferry\FarmFerryBackendNew\node_modules\next\dist\server\lib\router-server.js:447:24)
    at async requestHandlerImpl (C:\Users\User\Desktop\farmferry\FarmFerryBackendNew\node_modules\next\dist\server\lib\router-server.js:496:13)
    at async Server.requestListener (C:\Users\User\Desktop\farmferry\FarmFerryBackendNew\node_modules\next\dist\server\lib\start-server.js:226:13)
[2026-01-16T06:26:41.127Z] POST /cart Body: {"productId":"695792cdd6474999013ea1af","quantity":1,"userId":"6967263c2d2951851c61b9c9"} | User: 6967263c2d2951851c61b9c9
[2026-01-16T06:26:42.879Z] ERROR: Cart validation failed: customer: Path `customer` is required., items.0.totalPrice: Path `totalPrice` is required., items.0.product: Path `product` is required.
Stack: ValidationError: Cart validation failed: customer: Path `customer` is required., items.0.totalPrice: Path `totalPrice` is required., items.0.product: Path `product` is required.
    at Document.invalidate (C:\Users\User\Desktop\farmferry\FarmFerryBackendNew\node_modules\mongoose\lib\document.js:3377:32)
    at validatePath (C:\Users\User\Desktop\farmferry\FarmFerryBackendNew\node_modules\mongoose\lib\document.js:3152:13)
    at process.processTicksAndRejections (node:internal/process/task_queues:105:5)
    at async Promise.all (index 0)
    at async model.$__validate (C:\Users\User\Desktop\farmferry\FarmFerryBackendNew\node_modules\mongoose\lib\document.js:3093:3)
    at async model.validate (C:\Users\User\Desktop\farmferry\FarmFerryBackendNew\node_modules\mongoose\lib\document.js:2670:5)
    at async model.validateBeforeSave (C:\Users\User\Desktop\farmferry\FarmFerryBackendNew\node_modules\mongoose\lib\plugins\validateBeforeSave.js:34:7)
    at async Kareem.execPre (C:\Users\User\Desktop\farmferry\FarmFerryBackendNew\node_modules\kareem\index.js:65:24)
    at async model.$__save (C:\Users\User\Desktop\farmferry\FarmFerryBackendNew\node_modules\mongoose\lib\model.js:369:5)
    at async model.save (C:\Users\User\Desktop\farmferry\FarmFerryBackendNew\node_modules\mongoose\lib\model.js:609:5)
    at async POST (C:\Users\User\Desktop\farmferry\FarmFerryBackendNew\.next\dev\server\chunks\[root-of-the-server]__4363d375._.js:1630:13)
    at async AppRouteRouteModule.do (C:\Users\User\Desktop\farmferry\FarmFerryBackendNew\node_modules\next\dist\compiled\next-server\app-route-turbo.runtime.dev.js:5:37866)
    at async AppRouteRouteModule.handle (C:\Users\User\Desktop\farmferry\FarmFerryBackendNew\node_modules\next\dist\compiled\next-server\app-route-turbo.runtime.dev.js:5:45156)
    at async responseGenerator (C:\Users\User\Desktop\farmferry\FarmFerryBackendNew\.next\dev\server\chunks\[root-of-the-server]__5c98ee35._.js:14871:38)
    at async AppRouteRouteModule.handleResponse (C:\Users\User\Desktop\farmferry\FarmFerryBackendNew\node_modules\next\dist\compiled\next-server\app-route-turbo.runtime.dev.js:1:187713)
    at async handleResponse (C:\Users\User\Desktop\farmferry\FarmFerryBackendNew\.next\dev\server\chunks\[root-of-the-server]__5c98ee35._.js:14934:32)
    at async Module.handler (C:\Users\User\Desktop\farmferry\FarmFerryBackendNew\.next\dev\server\chunks\[root-of-the-server]__5c98ee35._.js:14987:13)
    at async DevServer.renderToResponseWithComponentsImpl (C:\Users\User\Desktop\farmferry\FarmFerryBackendNew\node_modules\next\dist\server\base-server.js:1422:9)
    at async DevServer.renderPageComponent (C:\Users\User\Desktop\farmferry\FarmFerryBackendNew\node_modules\next\dist\server\base-server.js:1474:24)
    at async DevServer.renderToResponseImpl (C:\Users\User\Desktop\farmferry\FarmFerryBackendNew\node_modules\next\dist\server\base-server.js:1524:32)
    at async DevServer.pipeImpl (C:\Users\User\Desktop\farmferry\FarmFerryBackendNew\node_modules\next\dist\server\base-server.js:1018:25)
    at async NextNodeServer.handleCatchallRenderRequest (C:\Users\User\Desktop\farmferry\FarmFerryBackendNew\node_modules\next\dist\server\next-server.js:395:17)
    at async DevServer.handleRequestImpl (C:\Users\User\Desktop\farmferry\FarmFerryBackendNew\node_modules\next\dist\server\base-server.js:909:17)
    at async C:\Users\User\Desktop\farmferry\FarmFerryBackendNew\node_modules\next\dist\server\dev\next-dev-server.js:387:20
    at async Span.traceAsyncFn (C:\Users\User\Desktop\farmferry\FarmFerryBackendNew\node_modules\next\dist\trace\trace.js:157:20)
    at async DevServer.handleRequest (C:\Users\User\Desktop\farmferry\FarmFerryBackendNew\node_modules\next\dist\server\dev\next-dev-server.js:383:24)
    at async invokeRender (C:\Users\User\Desktop\farmferry\FarmFerryBackendNew\node_modules\next\dist\server\lib\router-server.js:248:21)
    at async handleRequest (C:\Users\User\Desktop\farmferry\FarmFerryBackendNew\node_modules\next\dist\server\lib\router-server.js:447:24)
    at async requestHandlerImpl (C:\Users\User\Desktop\farmferry\FarmFerryBackendNew\node_modules\next\dist\server\lib\router-server.js:496:13)
    at async Server.requestListener (C:\Users\User\Desktop\farmferry\FarmFerryBackendNew\node_modules\next\dist\server\lib\start-server.js:226:13)
[2026-01-27T07:00:19.819Z] POST /cart Body: {"productId":"6965e1201c667d5b26e6ee40","quantity":1,"userId":"6967263c2d2951851c61b9c9"} | User: 6967263c2d2951851c61b9c9
[2026-01-27T07:00:20.878Z] ERROR: Cart validation failed: customer: Path `customer` is required., items.0.totalPrice: Path `totalPrice` is required., items.0.product: Path `product` is required.
Stack: ValidationError: Cart validation failed: customer: Path `customer` is required., items.0.totalPrice: Path `totalPrice` is required., items.0.product: Path `product` is required.
    at Document.invalidate (C:\Users\User\Desktop\farmferry\FarmFerryBackendNew\node_modules\mongoose\lib\document.js:3377:32)
    at validatePath (C:\Users\User\Desktop\farmferry\FarmFerryBackendNew\node_modules\mongoose\lib\document.js:3152:13)
    at process.processTicksAndRejections (node:internal/process/task_queues:105:5)
    at async Promise.all (index 0)
    at async model.$__validate (C:\Users\User\Desktop\farmferry\FarmFerryBackendNew\node_modules\mongoose\lib\document.js:3093:3)
    at async model.validate (C:\Users\User\Desktop\farmferry\FarmFerryBackendNew\node_modules\mongoose\lib\document.js:2670:5)
    at async model.validateBeforeSave (C:\Users\User\Desktop\farmferry\FarmFerryBackendNew\node_modules\mongoose\lib\plugins\validateBeforeSave.js:34:7)
    at async Kareem.execPre (C:\Users\User\Desktop\farmferry\FarmFerryBackendNew\node_modules\kareem\index.js:65:24)
    at async model.$__save (C:\Users\User\Desktop\farmferry\FarmFerryBackendNew\node_modules\mongoose\lib\model.js:369:5)
    at async model.save (C:\Users\User\Desktop\farmferry\FarmFerryBackendNew\node_modules\mongoose\lib\model.js:609:5)
    at async POST (C:\Users\User\Desktop\farmferry\FarmFerryBackendNew\.next\dev\server\chunks\[root-of-the-server]__4363d375._.js:1630:13)
    at async AppRouteRouteModule.do (C:\Users\User\Desktop\farmferry\FarmFerryBackendNew\node_modules\next\dist\compiled\next-server\app-route-turbo.runtime.dev.js:5:37866)
    at async AppRouteRouteModule.handle (C:\Users\User\Desktop\farmferry\FarmFerryBackendNew\node_modules\next\dist\compiled\next-server\app-route-turbo.runtime.dev.js:5:45156)
    at async responseGenerator (C:\Users\User\Desktop\farmferry\FarmFerryBackendNew\.next\dev\server\chunks\[root-of-the-server]__5c98ee35._.js:14871:38)
    at async AppRouteRouteModule.handleResponse (C:\Users\User\Desktop\farmferry\FarmFerryBackendNew\node_modules\next\dist\compiled\next-server\app-route-turbo.runtime.dev.js:1:187713)
    at async handleResponse (C:\Users\User\Desktop\farmferry\FarmFerryBackendNew\.next\dev\server\chunks\[root-of-the-server]__5c98ee35._.js:14934:32)
    at async Module.handler (C:\Users\User\Desktop\farmferry\FarmFerryBackendNew\.next\dev\server\chunks\[root-of-the-server]__5c98ee35._.js:14987:13)
    at async DevServer.renderToResponseWithComponentsImpl (C:\Users\User\Desktop\farmferry\FarmFerryBackendNew\node_modules\next\dist\server\base-server.js:1422:9)
    at async DevServer.renderPageComponent (C:\Users\User\Desktop\farmferry\FarmFerryBackendNew\node_modules\next\dist\server\base-server.js:1474:24)
    at async DevServer.renderToResponseImpl (C:\Users\User\Desktop\farmferry\FarmFerryBackendNew\node_modules\next\dist\server\base-server.js:1524:32)
    at async DevServer.pipeImpl (C:\Users\User\Desktop\farmferry\FarmFerryBackendNew\node_modules\next\dist\server\base-server.js:1018:25)
    at async NextNodeServer.handleCatchallRenderRequest (C:\Users\User\Desktop\farmferry\FarmFerryBackendNew\node_modules\next\dist\server\next-server.js:395:17)
    at async DevServer.handleRequestImpl (C:\Users\User\Desktop\farmferry\FarmFerryBackendNew\node_modules\next\dist\server\base-server.js:909:17)
    at async C:\Users\User\Desktop\farmferry\FarmFerryBackendNew\node_modules\next\dist\server\dev\next-dev-server.js:387:20
    at async Span.traceAsyncFn (C:\Users\User\Desktop\farmferry\FarmFerryBackendNew\node_modules\next\dist\trace\trace.js:157:20)
    at async DevServer.handleRequest (C:\Users\User\Desktop\farmferry\FarmFerryBackendNew\node_modules\next\dist\server\dev\next-dev-server.js:383:24)
    at async invokeRender (C:\Users\User\Desktop\farmferry\FarmFerryBackendNew\node_modules\next\dist\server\lib\router-server.js:248:21)
    at async handleRequest (C:\Users\User\Desktop\farmferry\FarmFerryBackendNew\node_modules\next\dist\server\lib\router-server.js:447:24)
    at async requestHandlerImpl (C:\Users\User\Desktop\farmferry\FarmFerryBackendNew\node_modules\next\dist\server\lib\router-server.js:496:13)
    at async Server.requestListener (C:\Users\User\Desktop\farmferry\FarmFerryBackendNew\node_modules\next\dist\server\lib\start-server.js:226:13)
[2026-01-27T07:00:22.579Z] POST /cart Body: {"productId":"6965e1201c667d5b26e6ee40","quantity":1,"userId":"6967263c2d2951851c61b9c9"} | User: 6967263c2d2951851c61b9c9
[2026-01-27T07:00:22.903Z] ERROR: Cart validation failed: customer: Path `customer` is required., items.0.totalPrice: Path `totalPrice` is required., items.0.product: Path `product` is required.
Stack: ValidationError: Cart validation failed: customer: Path `customer` is required., items.0.totalPrice: Path `totalPrice` is required., items.0.product: Path `product` is required.
    at Document.invalidate (C:\Users\User\Desktop\farmferry\FarmFerryBackendNew\node_modules\mongoose\lib\document.js:3377:32)
    at validatePath (C:\Users\User\Desktop\farmferry\FarmFerryBackendNew\node_modules\mongoose\lib\document.js:3152:13)
    at process.processTicksAndRejections (node:internal/process/task_queues:105:5)
    at async Promise.all (index 0)
    at async model.$__validate (C:\Users\User\Desktop\farmferry\FarmFerryBackendNew\node_modules\mongoose\lib\document.js:3093:3)
    at async model.validate (C:\Users\User\Desktop\farmferry\FarmFerryBackendNew\node_modules\mongoose\lib\document.js:2670:5)
    at async model.validateBeforeSave (C:\Users\User\Desktop\farmferry\FarmFerryBackendNew\node_modules\mongoose\lib\plugins\validateBeforeSave.js:34:7)
    at async Kareem.execPre (C:\Users\User\Desktop\farmferry\FarmFerryBackendNew\node_modules\kareem\index.js:65:24)
    at async model.$__save (C:\Users\User\Desktop\farmferry\FarmFerryBackendNew\node_modules\mongoose\lib\model.js:369:5)
    at async model.save (C:\Users\User\Desktop\farmferry\FarmFerryBackendNew\node_modules\mongoose\lib\model.js:609:5)
    at async POST (C:\Users\User\Desktop\farmferry\FarmFerryBackendNew\.next\dev\server\chunks\[root-of-the-server]__4363d375._.js:1630:13)
    at async AppRouteRouteModule.do (C:\Users\User\Desktop\farmferry\FarmFerryBackendNew\node_modules\next\dist\compiled\next-server\app-route-turbo.runtime.dev.js:5:37866)
    at async AppRouteRouteModule.handle (C:\Users\User\Desktop\farmferry\FarmFerryBackendNew\node_modules\next\dist\compiled\next-server\app-route-turbo.runtime.dev.js:5:45156)
    at async responseGenerator (C:\Users\User\Desktop\farmferry\FarmFerryBackendNew\.next\dev\server\chunks\[root-of-the-server]__5c98ee35._.js:14871:38)
    at async AppRouteRouteModule.handleResponse (C:\Users\User\Desktop\farmferry\FarmFerryBackendNew\node_modules\next\dist\compiled\next-server\app-route-turbo.runtime.dev.js:1:187713)
    at async handleResponse (C:\Users\User\Desktop\farmferry\FarmFerryBackendNew\.next\dev\server\chunks\[root-of-the-server]__5c98ee35._.js:14934:32)
    at async Module.handler (C:\Users\User\Desktop\farmferry\FarmFerryBackendNew\.next\dev\server\chunks\[root-of-the-server]__5c98ee35._.js:14987:13)
    at async DevServer.renderToResponseWithComponentsImpl (C:\Users\User\Desktop\farmferry\FarmFerryBackendNew\node_modules\next\dist\server\base-server.js:1422:9)
    at async DevServer.renderPageComponent (C:\Users\User\Desktop\farmferry\FarmFerryBackendNew\node_modules\next\dist\server\base-server.js:1474:24)
    at async DevServer.renderToResponseImpl (C:\Users\User\Desktop\farmferry\FarmFerryBackendNew\node_modules\next\dist\server\base-server.js:1524:32)
    at async DevServer.pipeImpl (C:\Users\User\Desktop\farmferry\FarmFerryBackendNew\node_modules\next\dist\server\base-server.js:1018:25)
    at async NextNodeServer.handleCatchallRenderRequest (C:\Users\User\Desktop\farmferry\FarmFerryBackendNew\node_modules\next\dist\server\next-server.js:395:17)
    at async DevServer.handleRequestImpl (C:\Users\User\Desktop\farmferry\FarmFerryBackendNew\node_modules\next\dist\server\base-server.js:909:17)
    at async C:\Users\User\Desktop\farmferry\FarmFerryBackendNew\node_modules\next\dist\server\dev\next-dev-server.js:387:20
    at async Span.traceAsyncFn (C:\Users\User\Desktop\farmferry\FarmFerryBackendNew\node_modules\next\dist\trace\trace.js:157:20)
    at async DevServer.handleRequest (C:\Users\User\Desktop\farmferry\FarmFerryBackendNew\node_modules\next\dist\server\dev\next-dev-server.js:383:24)
    at async invokeRender (C:\Users\User\Desktop\farmferry\FarmFerryBackendNew\node_modules\next\dist\server\lib\router-server.js:248:21)
    at async handleRequest (C:\Users\User\Desktop\farmferry\FarmFerryBackendNew\node_modules\next\dist\server\lib\router-server.js:447:24)
    at async requestHandlerImpl (C:\Users\User\Desktop\farmferry\FarmFerryBackendNew\node_modules\next\dist\server\lib\router-server.js:496:13)
    at async Server.requestListener (C:\Users\User\Desktop\farmferry\FarmFerryBackendNew\node_modules\next\dist\server\lib\start-server.js:226:13)
[2026-01-27T09:27:27.973Z] POST /cart Body: {"productId":"6965e1201c667d5b26e6ee40","quantity":1,"userId":"6967263c2d2951851c61b9c9"} | User: 6967263c2d2951851c61b9c9
[2026-01-27T09:27:28.097Z] ERROR: Cart validation failed: customer: Path `customer` is required., items.0.totalPrice: Path `totalPrice` is required., items.0.product: Path `product` is required.
Stack: ValidationError: Cart validation failed: customer: Path `customer` is required., items.0.totalPrice: Path `totalPrice` is required., items.0.product: Path `product` is required.
    at Document.invalidate (C:\Users\User\Desktop\farmferry\FarmFerryBackendNew\node_modules\mongoose\lib\document.js:3377:32)
    at validatePath (C:\Users\User\Desktop\farmferry\FarmFerryBackendNew\node_modules\mongoose\lib\document.js:3152:13)
    at process.processTicksAndRejections (node:internal/process/task_queues:105:5)
    at async Promise.all (index 0)
    at async model.$__validate (C:\Users\User\Desktop\farmferry\FarmFerryBackendNew\node_modules\mongoose\lib\document.js:3093:3)
    at async model.validate (C:\Users\User\Desktop\farmferry\FarmFerryBackendNew\node_modules\mongoose\lib\document.js:2670:5)
    at async model.validateBeforeSave (C:\Users\User\Desktop\farmferry\FarmFerryBackendNew\node_modules\mongoose\lib\plugins\validateBeforeSave.js:34:7)
    at async Kareem.execPre (C:\Users\User\Desktop\farmferry\FarmFerryBackendNew\node_modules\kareem\index.js:65:24)
    at async model.$__save (C:\Users\User\Desktop\farmferry\FarmFerryBackendNew\node_modules\mongoose\lib\model.js:369:5)
    at async model.save (C:\Users\User\Desktop\farmferry\FarmFerryBackendNew\node_modules\mongoose\lib\model.js:609:5)
    at async POST (C:\Users\User\Desktop\farmferry\FarmFerryBackendNew\.next\dev\server\chunks\[root-of-the-server]__4363d375._.js:1630:13)
    at async AppRouteRouteModule.do (C:\Users\User\Desktop\farmferry\FarmFerryBackendNew\node_modules\next\dist\compiled\next-server\app-route-turbo.runtime.dev.js:5:37866)
    at async AppRouteRouteModule.handle (C:\Users\User\Desktop\farmferry\FarmFerryBackendNew\node_modules\next\dist\compiled\next-server\app-route-turbo.runtime.dev.js:5:45156)
    at async responseGenerator (C:\Users\User\Desktop\farmferry\FarmFerryBackendNew\.next\dev\server\chunks\[root-of-the-server]__5c98ee35._.js:14871:38)
    at async AppRouteRouteModule.handleResponse (C:\Users\User\Desktop\farmferry\FarmFerryBackendNew\node_modules\next\dist\compiled\next-server\app-route-turbo.runtime.dev.js:1:187713)
    at async handleResponse (C:\Users\User\Desktop\farmferry\FarmFerryBackendNew\.next\dev\server\chunks\[root-of-the-server]__5c98ee35._.js:14934:32)
    at async Module.handler (C:\Users\User\Desktop\farmferry\FarmFerryBackendNew\.next\dev\server\chunks\[root-of-the-server]__5c98ee35._.js:14987:13)
    at async DevServer.renderToResponseWithComponentsImpl (C:\Users\User\Desktop\farmferry\FarmFerryBackendNew\node_modules\next\dist\server\base-server.js:1422:9)
    at async DevServer.renderPageComponent (C:\Users\User\Desktop\farmferry\FarmFerryBackendNew\node_modules\next\dist\server\base-server.js:1474:24)
    at async DevServer.renderToResponseImpl (C:\Users\User\Desktop\farmferry\FarmFerryBackendNew\node_modules\next\dist\server\base-server.js:1524:32)
    at async DevServer.pipeImpl (C:\Users\User\Desktop\farmferry\FarmFerryBackendNew\node_modules\next\dist\server\base-server.js:1018:25)
    at async NextNodeServer.handleCatchallRenderRequest (C:\Users\User\Desktop\farmferry\FarmFerryBackendNew\node_modules\next\dist\server\next-server.js:395:17)
    at async DevServer.handleRequestImpl (C:\Users\User\Desktop\farmferry\FarmFerryBackendNew\node_modules\next\dist\server\base-server.js:909:17)
    at async C:\Users\User\Desktop\farmferry\FarmFerryBackendNew\node_modules\next\dist\server\dev\next-dev-server.js:387:20
    at async Span.traceAsyncFn (C:\Users\User\Desktop\farmferry\FarmFerryBackendNew\node_modules\next\dist\trace\trace.js:157:20)
    at async DevServer.handleRequest (C:\Users\User\Desktop\farmferry\FarmFerryBackendNew\node_modules\next\dist\server\dev\next-dev-server.js:383:24)
    at async invokeRender (C:\Users\User\Desktop\farmferry\FarmFerryBackendNew\node_modules\next\dist\server\lib\router-server.js:248:21)
    at async handleRequest (C:\Users\User\Desktop\farmferry\FarmFerryBackendNew\node_modules\next\dist\server\lib\router-server.js:447:24)
    at async requestHandlerImpl (C:\Users\User\Desktop\farmferry\FarmFerryBackendNew\node_modules\next\dist\server\lib\router-server.js:496:13)
    at async Server.requestListener (C:\Users\User\Desktop\farmferry\FarmFerryBackendNew\node_modules\next\dist\server\lib\start-server.js:226:13)
[2026-01-27T09:31:39.993Z] POST /cart Body: {"productId":"69579384d6474999013ea1b8","quantity":1,"userId":"6967263c2d2951851c61b9c9"} | User: 6967263c2d2951851c61b9c9
[2026-01-27T09:31:40.270Z] ERROR: Cart validation failed: customer: Path `customer` is required., items.0.totalPrice: Path `totalPrice` is required., items.0.product: Path `product` is required.
Stack: ValidationError: Cart validation failed: customer: Path `customer` is required., items.0.totalPrice: Path `totalPrice` is required., items.0.product: Path `product` is required.
    at Document.invalidate (C:\Users\User\Desktop\farmferry\FarmFerryBackendNew\node_modules\mongoose\lib\document.js:3377:32)
    at validatePath (C:\Users\User\Desktop\farmferry\FarmFerryBackendNew\node_modules\mongoose\lib\document.js:3152:13)
    at process.processTicksAndRejections (node:internal/process/task_queues:105:5)
    at async Promise.all (index 0)
    at async model.$__validate (C:\Users\User\Desktop\farmferry\FarmFerryBackendNew\node_modules\mongoose\lib\document.js:3093:3)
    at async model.validate (C:\Users\User\Desktop\farmferry\FarmFerryBackendNew\node_modules\mongoose\lib\document.js:2670:5)
    at async model.validateBeforeSave (C:\Users\User\Desktop\farmferry\FarmFerryBackendNew\node_modules\mongoose\lib\plugins\validateBeforeSave.js:34:7)
    at async Kareem.execPre (C:\Users\User\Desktop\farmferry\FarmFerryBackendNew\node_modules\kareem\index.js:65:24)
    at async model.$__save (C:\Users\User\Desktop\farmferry\FarmFerryBackendNew\node_modules\mongoose\lib\model.js:369:5)
    at async model.save (C:\Users\User\Desktop\farmferry\FarmFerryBackendNew\node_modules\mongoose\lib\model.js:609:5)
    at async POST (C:\Users\User\Desktop\farmferry\FarmFerryBackendNew\.next\dev\server\chunks\[root-of-the-server]__4363d375._.js:1630:13)
    at async AppRouteRouteModule.do (C:\Users\User\Desktop\farmferry\FarmFerryBackendNew\node_modules\next\dist\compiled\next-server\app-route-turbo.runtime.dev.js:5:37866)
    at async AppRouteRouteModule.handle (C:\Users\User\Desktop\farmferry\FarmFerryBackendNew\node_modules\next\dist\compiled\next-server\app-route-turbo.runtime.dev.js:5:45156)
    at async responseGenerator (C:\Users\User\Desktop\farmferry\FarmFerryBackendNew\.next\dev\server\chunks\[root-of-the-server]__5c98ee35._.js:14871:38)
    at async AppRouteRouteModule.handleResponse (C:\Users\User\Desktop\farmferry\FarmFerryBackendNew\node_modules\next\dist\compiled\next-server\app-route-turbo.runtime.dev.js:1:187713)
    at async handleResponse (C:\Users\User\Desktop\farmferry\FarmFerryBackendNew\.next\dev\server\chunks\[root-of-the-server]__5c98ee35._.js:14934:32)
    at async Module.handler (C:\Users\User\Desktop\farmferry\FarmFerryBackendNew\.next\dev\server\chunks\[root-of-the-server]__5c98ee35._.js:14987:13)
    at async DevServer.renderToResponseWithComponentsImpl (C:\Users\User\Desktop\farmferry\FarmFerryBackendNew\node_modules\next\dist\server\base-server.js:1422:9)
    at async DevServer.renderPageComponent (C:\Users\User\Desktop\farmferry\FarmFerryBackendNew\node_modules\next\dist\server\base-server.js:1474:24)
    at async DevServer.renderToResponseImpl (C:\Users\User\Desktop\farmferry\FarmFerryBackendNew\node_modules\next\dist\server\base-server.js:1524:32)
    at async DevServer.pipeImpl (C:\Users\User\Desktop\farmferry\FarmFerryBackendNew\node_modules\next\dist\server\base-server.js:1018:25)
    at async NextNodeServer.handleCatchallRenderRequest (C:\Users\User\Desktop\farmferry\FarmFerryBackendNew\node_modules\next\dist\server\next-server.js:395:17)
    at async DevServer.handleRequestImpl (C:\Users\User\Desktop\farmferry\FarmFerryBackendNew\node_modules\next\dist\server\base-server.js:909:17)
    at async C:\Users\User\Desktop\farmferry\FarmFerryBackendNew\node_modules\next\dist\server\dev\next-dev-server.js:387:20
    at async Span.traceAsyncFn (C:\Users\User\Desktop\farmferry\FarmFerryBackendNew\node_modules\next\dist\trace\trace.js:157:20)
    at async DevServer.handleRequest (C:\Users\User\Desktop\farmferry\FarmFerryBackendNew\node_modules\next\dist\server\dev\next-dev-server.js:383:24)
    at async invokeRender (C:\Users\User\Desktop\farmferry\FarmFerryBackendNew\node_modules\next\dist\server\lib\router-server.js:248:21)
    at async handleRequest (C:\Users\User\Desktop\farmferry\FarmFerryBackendNew\node_modules\next\dist\server\lib\router-server.js:447:24)
    at async requestHandlerImpl (C:\Users\User\Desktop\farmferry\FarmFerryBackendNew\node_modules\next\dist\server\lib\router-server.js:496:13)
    at async Server.requestListener (C:\Users\User\Desktop\farmferry\FarmFerryBackendNew\node_modules\next\dist\server\lib\start-server.js:226:13)
[2026-01-27T11:24:45.585Z] POST /cart Body: {"productId":"69579384d6474999013ea1b8","quantity":1,"userId":"6967263c2d2951851c61b9c9"} | User: 6967263c2d2951851c61b9c9
[2026-01-27T11:24:45.776Z] ERROR: Cart validation failed: customer: Path `customer` is required., items.0.totalPrice: Path `totalPrice` is required., items.0.product: Path `product` is required.
Stack: ValidationError: Cart validation failed: customer: Path `customer` is required., items.0.totalPrice: Path `totalPrice` is required., items.0.product: Path `product` is required.
    at Document.invalidate (C:\Users\User\Desktop\farmferry\FarmFerryBackendNew\node_modules\mongoose\lib\document.js:3377:32)
    at validatePath (C:\Users\User\Desktop\farmferry\FarmFerryBackendNew\node_modules\mongoose\lib\document.js:3152:13)
    at process.processTicksAndRejections (node:internal/process/task_queues:105:5)
    at async Promise.all (index 0)
    at async model.$__validate (C:\Users\User\Desktop\farmferry\FarmFerryBackendNew\node_modules\mongoose\lib\document.js:3093:3)
    at async model.validate (C:\Users\User\Desktop\farmferry\FarmFerryBackendNew\node_modules\mongoose\lib\document.js:2670:5)
    at async model.validateBeforeSave (C:\Users\User\Desktop\farmferry\FarmFerryBackendNew\node_modules\mongoose\lib\plugins\validateBeforeSave.js:34:7)
    at async Kareem.execPre (C:\Users\User\Desktop\farmferry\FarmFerryBackendNew\node_modules\kareem\index.js:65:24)
    at async model.$__save (C:\Users\User\Desktop\farmferry\FarmFerryBackendNew\node_modules\mongoose\lib\model.js:369:5)
    at async model.save (C:\Users\User\Desktop\farmferry\FarmFerryBackendNew\node_modules\mongoose\lib\model.js:609:5)
    at async POST (C:\Users\User\Desktop\farmferry\FarmFerryBackendNew\.next\dev\server\chunks\[root-of-the-server]__4363d375._.js:1630:13)
    at async AppRouteRouteModule.do (C:\Users\User\Desktop\farmferry\FarmFerryBackendNew\node_modules\next\dist\compiled\next-server\app-route-turbo.runtime.dev.js:5:37866)
    at async AppRouteRouteModule.handle (C:\Users\User\Desktop\farmferry\FarmFerryBackendNew\node_modules\next\dist\compiled\next-server\app-route-turbo.runtime.dev.js:5:45156)
    at async responseGenerator (C:\Users\User\Desktop\farmferry\FarmFerryBackendNew\.next\dev\server\chunks\[root-of-the-server]__5c98ee35._.js:14871:38)
    at async AppRouteRouteModule.handleResponse (C:\Users\User\Desktop\farmferry\FarmFerryBackendNew\node_modules\next\dist\compiled\next-server\app-route-turbo.runtime.dev.js:1:187713)
    at async handleResponse (C:\Users\User\Desktop\farmferry\FarmFerryBackendNew\.next\dev\server\chunks\[root-of-the-server]__5c98ee35._.js:14934:32)
    at async Module.handler (C:\Users\User\Desktop\farmferry\FarmFerryBackendNew\.next\dev\server\chunks\[root-of-the-server]__5c98ee35._.js:14987:13)
    at async DevServer.renderToResponseWithComponentsImpl (C:\Users\User\Desktop\farmferry\FarmFerryBackendNew\node_modules\next\dist\server\base-server.js:1422:9)
    at async DevServer.renderPageComponent (C:\Users\User\Desktop\farmferry\FarmFerryBackendNew\node_modules\next\dist\server\base-server.js:1474:24)
    at async DevServer.renderToResponseImpl (C:\Users\User\Desktop\farmferry\FarmFerryBackendNew\node_modules\next\dist\server\base-server.js:1524:32)
    at async DevServer.pipeImpl (C:\Users\User\Desktop\farmferry\FarmFerryBackendNew\node_modules\next\dist\server\base-server.js:1018:25)
    at async NextNodeServer.handleCatchallRenderRequest (C:\Users\User\Desktop\farmferry\FarmFerryBackendNew\node_modules\next\dist\server\next-server.js:395:17)
    at async DevServer.handleRequestImpl (C:\Users\User\Desktop\farmferry\FarmFerryBackendNew\node_modules\next\dist\server\base-server.js:909:17)
    at async C:\Users\User\Desktop\farmferry\FarmFerryBackendNew\node_modules\next\dist\server\dev\next-dev-server.js:387:20
    at async Span.traceAsyncFn (C:\Users\User\Desktop\farmferry\FarmFerryBackendNew\node_modules\next\dist\trace\trace.js:157:20)
    at async DevServer.handleRequest (C:\Users\User\Desktop\farmferry\FarmFerryBackendNew\node_modules\next\dist\server\dev\next-dev-server.js:383:24)
    at async invokeRender (C:\Users\User\Desktop\farmferry\FarmFerryBackendNew\node_modules\next\dist\server\lib\router-server.js:248:21)
    at async handleRequest (C:\Users\User\Desktop\farmferry\FarmFerryBackendNew\node_modules\next\dist\server\lib\router-server.js:447:24)
    at async requestHandlerImpl (C:\Users\User\Desktop\farmferry\FarmFerryBackendNew\node_modules\next\dist\server\lib\router-server.js:496:13)
    at async Server.requestListener (C:\Users\User\Desktop\farmferry\FarmFerryBackendNew\node_modules\next\dist\server\lib\start-server.js:226:13)
[2026-01-27T11:28:10.533Z] POST /cart Body: {"productId":"69579384d6474999013ea1b8","quantity":1,"userId":"6967263c2d2951851c61b9c9"} | User: 6967263c2d2951851c61b9c9
[2026-01-27T11:28:10.689Z] ERROR: Cart validation failed: customer: Path `customer` is required., items.0.totalPrice: Path `totalPrice` is required., items.0.product: Path `product` is required.
Stack: ValidationError: Cart validation failed: customer: Path `customer` is required., items.0.totalPrice: Path `totalPrice` is required., items.0.product: Path `product` is required.
    at Document.invalidate (C:\Users\User\Desktop\farmferry\FarmFerryBackendNew\node_modules\mongoose\lib\document.js:3377:32)
    at validatePath (C:\Users\User\Desktop\farmferry\FarmFerryBackendNew\node_modules\mongoose\lib\document.js:3152:13)
    at process.processTicksAndRejections (node:internal/process/task_queues:105:5)
    at async Promise.all (index 0)
    at async model.$__validate (C:\Users\User\Desktop\farmferry\FarmFerryBackendNew\node_modules\mongoose\lib\document.js:3093:3)
    at async model.validate (C:\Users\User\Desktop\farmferry\FarmFerryBackendNew\node_modules\mongoose\lib\document.js:2670:5)
    at async model.validateBeforeSave (C:\Users\User\Desktop\farmferry\FarmFerryBackendNew\node_modules\mongoose\lib\plugins\validateBeforeSave.js:34:7)
    at async Kareem.execPre (C:\Users\User\Desktop\farmferry\FarmFerryBackendNew\node_modules\kareem\index.js:65:24)
    at async model.$__save (C:\Users\User\Desktop\farmferry\FarmFerryBackendNew\node_modules\mongoose\lib\model.js:369:5)
    at async model.save (C:\Users\User\Desktop\farmferry\FarmFerryBackendNew\node_modules\mongoose\lib\model.js:609:5)
    at async POST (C:\Users\User\Desktop\farmferry\FarmFerryBackendNew\.next\dev\server\chunks\[root-of-the-server]__4363d375._.js:1630:13)
    at async AppRouteRouteModule.do (C:\Users\User\Desktop\farmferry\FarmFerryBackendNew\node_modules\next\dist\compiled\next-server\app-route-turbo.runtime.dev.js:5:37866)
    at async AppRouteRouteModule.handle (C:\Users\User\Desktop\farmferry\FarmFerryBackendNew\node_modules\next\dist\compiled\next-server\app-route-turbo.runtime.dev.js:5:45156)
    at async responseGenerator (C:\Users\User\Desktop\farmferry\FarmFerryBackendNew\.next\dev\server\chunks\[root-of-the-server]__5c98ee35._.js:14871:38)
    at async AppRouteRouteModule.handleResponse (C:\Users\User\Desktop\farmferry\FarmFerryBackendNew\node_modules\next\dist\compiled\next-server\app-route-turbo.runtime.dev.js:1:187713)
    at async handleResponse (C:\Users\User\Desktop\farmferry\FarmFerryBackendNew\.next\dev\server\chunks\[root-of-the-server]__5c98ee35._.js:14934:32)
    at async Module.handler (C:\Users\User\Desktop\farmferry\FarmFerryBackendNew\.next\dev\server\chunks\[root-of-the-server]__5c98ee35._.js:14987:13)
    at async DevServer.renderToResponseWithComponentsImpl (C:\Users\User\Desktop\farmferry\FarmFerryBackendNew\node_modules\next\dist\server\base-server.js:1422:9)
    at async DevServer.renderPageComponent (C:\Users\User\Desktop\farmferry\FarmFerryBackendNew\node_modules\next\dist\server\base-server.js:1474:24)
    at async DevServer.renderToResponseImpl (C:\Users\User\Desktop\farmferry\FarmFerryBackendNew\node_modules\next\dist\server\base-server.js:1524:32)
    at async DevServer.pipeImpl (C:\Users\User\Desktop\farmferry\FarmFerryBackendNew\node_modules\next\dist\server\base-server.js:1018:25)
    at async NextNodeServer.handleCatchallRenderRequest (C:\Users\User\Desktop\farmferry\FarmFerryBackendNew\node_modules\next\dist\server\next-server.js:395:17)
    at async DevServer.handleRequestImpl (C:\Users\User\Desktop\farmferry\FarmFerryBackendNew\node_modules\next\dist\server\base-server.js:909:17)
    at async C:\Users\User\Desktop\farmferry\FarmFerryBackendNew\node_modules\next\dist\server\dev\next-dev-server.js:387:20
    at async Span.traceAsyncFn (C:\Users\User\Desktop\farmferry\FarmFerryBackendNew\node_modules\next\dist\trace\trace.js:157:20)
    at async DevServer.handleRequest (C:\Users\User\Desktop\farmferry\FarmFerryBackendNew\node_modules\next\dist\server\dev\next-dev-server.js:383:24)
    at async invokeRender (C:\Users\User\Desktop\farmferry\FarmFerryBackendNew\node_modules\next\dist\server\lib\router-server.js:248:21)
    at async handleRequest (C:\Users\User\Desktop\farmferry\FarmFerryBackendNew\node_modules\next\dist\server\lib\router-server.js:447:24)
    at async requestHandlerImpl (C:\Users\User\Desktop\farmferry\FarmFerryBackendNew\node_modules\next\dist\server\lib\router-server.js:496:13)
    at async Server.requestListener (C:\Users\User\Desktop\farmferry\FarmFerryBackendNew\node_modules\next\dist\server\lib\start-server.js:226:13)
[2026-01-27T11:30:07.487Z] POST /cart Body: {"productId":"69579384d6474999013ea1b8","quantity":1,"userId":"6967263c2d2951851c61b9c9"} | User: 6967263c2d2951851c61b9c9
[2026-01-27T11:30:07.761Z] ERROR: Cart validation failed: customer: Path `customer` is required., items.0.totalPrice: Path `totalPrice` is required., items.0.product: Path `product` is required.
Stack: ValidationError: Cart validation failed: customer: Path `customer` is required., items.0.totalPrice: Path `totalPrice` is required., items.0.product: Path `product` is required.
    at Document.invalidate (C:\Users\User\Desktop\farmferry\FarmFerryBackendNew\node_modules\mongoose\lib\document.js:3377:32)
    at validatePath (C:\Users\User\Desktop\farmferry\FarmFerryBackendNew\node_modules\mongoose\lib\document.js:3152:13)
    at process.processTicksAndRejections (node:internal/process/task_queues:105:5)
    at async Promise.all (index 0)
    at async model.$__validate (C:\Users\User\Desktop\farmferry\FarmFerryBackendNew\node_modules\mongoose\lib\document.js:3093:3)
    at async model.validate (C:\Users\User\Desktop\farmferry\FarmFerryBackendNew\node_modules\mongoose\lib\document.js:2670:5)
    at async model.validateBeforeSave (C:\Users\User\Desktop\farmferry\FarmFerryBackendNew\node_modules\mongoose\lib\plugins\validateBeforeSave.js:34:7)
    at async Kareem.execPre (C:\Users\User\Desktop\farmferry\FarmFerryBackendNew\node_modules\kareem\index.js:65:24)
    at async model.$__save (C:\Users\User\Desktop\farmferry\FarmFerryBackendNew\node_modules\mongoose\lib\model.js:369:5)
    at async model.save (C:\Users\User\Desktop\farmferry\FarmFerryBackendNew\node_modules\mongoose\lib\model.js:609:5)
    at async POST (C:\Users\User\Desktop\farmferry\FarmFerryBackendNew\.next\dev\server\chunks\[root-of-the-server]__4363d375._.js:1630:13)
    at async AppRouteRouteModule.do (C:\Users\User\Desktop\farmferry\FarmFerryBackendNew\node_modules\next\dist\compiled\next-server\app-route-turbo.runtime.dev.js:5:37866)
    at async AppRouteRouteModule.handle (C:\Users\User\Desktop\farmferry\FarmFerryBackendNew\node_modules\next\dist\compiled\next-server\app-route-turbo.runtime.dev.js:5:45156)
    at async responseGenerator (C:\Users\User\Desktop\farmferry\FarmFerryBackendNew\.next\dev\server\chunks\[root-of-the-server]__5c98ee35._.js:14871:38)
    at async AppRouteRouteModule.handleResponse (C:\Users\User\Desktop\farmferry\FarmFerryBackendNew\node_modules\next\dist\compiled\next-server\app-route-turbo.runtime.dev.js:1:187713)
    at async handleResponse (C:\Users\User\Desktop\farmferry\FarmFerryBackendNew\.next\dev\server\chunks\[root-of-the-server]__5c98ee35._.js:14934:32)
    at async Module.handler (C:\Users\User\Desktop\farmferry\FarmFerryBackendNew\.next\dev\server\chunks\[root-of-the-server]__5c98ee35._.js:14987:13)
    at async DevServer.renderToResponseWithComponentsImpl (C:\Users\User\Desktop\farmferry\FarmFerryBackendNew\node_modules\next\dist\server\base-server.js:1422:9)
    at async DevServer.renderPageComponent (C:\Users\User\Desktop\farmferry\FarmFerryBackendNew\node_modules\next\dist\server\base-server.js:1474:24)
    at async DevServer.renderToResponseImpl (C:\Users\User\Desktop\farmferry\FarmFerryBackendNew\node_modules\next\dist\server\base-server.js:1524:32)
    at async DevServer.pipeImpl (C:\Users\User\Desktop\farmferry\FarmFerryBackendNew\node_modules\next\dist\server\base-server.js:1018:25)
    at async NextNodeServer.handleCatchallRenderRequest (C:\Users\User\Desktop\farmferry\FarmFerryBackendNew\node_modules\next\dist\server\next-server.js:395:17)
    at async DevServer.handleRequestImpl (C:\Users\User\Desktop\farmferry\FarmFerryBackendNew\node_modules\next\dist\server\base-server.js:909:17)
    at async C:\Users\User\Desktop\farmferry\FarmFerryBackendNew\node_modules\next\dist\server\dev\next-dev-server.js:387:20
    at async Span.traceAsyncFn (C:\Users\User\Desktop\farmferry\FarmFerryBackendNew\node_modules\next\dist\trace\trace.js:157:20)
    at async DevServer.handleRequest (C:\Users\User\Desktop\farmferry\FarmFerryBackendNew\node_modules\next\dist\server\dev\next-dev-server.js:383:24)
    at async invokeRender (C:\Users\User\Desktop\farmferry\FarmFerryBackendNew\node_modules\next\dist\server\lib\router-server.js:248:21)
    at async handleRequest (C:\Users\User\Desktop\farmferry\FarmFerryBackendNew\node_modules\next\dist\server\lib\router-server.js:447:24)
    at async requestHandlerImpl (C:\Users\User\Desktop\farmferry\FarmFerryBackendNew\node_modules\next\dist\server\lib\router-server.js:496:13)
    at async Server.requestListener (C:\Users\User\Desktop\farmferry\FarmFerryBackendNew\node_modules\next\dist\server\lib\start-server.js:226:13)
[2026-01-27T11:30:15.053Z] POST /cart Body: {"productId":"69579384d6474999013ea1b8","quantity":1,"userId":"6967263c2d2951851c61b9c9"} | User: 6967263c2d2951851c61b9c9
[2026-01-27T11:30:15.176Z] ERROR: Cart validation failed: customer: Path `customer` is required., items.0.totalPrice: Path `totalPrice` is required., items.0.product: Path `product` is required.
Stack: ValidationError: Cart validation failed: customer: Path `customer` is required., items.0.totalPrice: Path `totalPrice` is required., items.0.product: Path `product` is required.
    at Document.invalidate (C:\Users\User\Desktop\farmferry\FarmFerryBackendNew\node_modules\mongoose\lib\document.js:3377:32)
    at validatePath (C:\Users\User\Desktop\farmferry\FarmFerryBackendNew\node_modules\mongoose\lib\document.js:3152:13)
    at process.processTicksAndRejections (node:internal/process/task_queues:105:5)
    at async Promise.all (index 0)
    at async model.$__validate (C:\Users\User\Desktop\farmferry\FarmFerryBackendNew\node_modules\mongoose\lib\document.js:3093:3)
    at async model.validate (C:\Users\User\Desktop\farmferry\FarmFerryBackendNew\node_modules\mongoose\lib\document.js:2670:5)
    at async model.validateBeforeSave (C:\Users\User\Desktop\farmferry\FarmFerryBackendNew\node_modules\mongoose\lib\plugins\validateBeforeSave.js:34:7)
    at async Kareem.execPre (C:\Users\User\Desktop\farmferry\FarmFerryBackendNew\node_modules\kareem\index.js:65:24)
    at async model.$__save (C:\Users\User\Desktop\farmferry\FarmFerryBackendNew\node_modules\mongoose\lib\model.js:369:5)
    at async model.save (C:\Users\User\Desktop\farmferry\FarmFerryBackendNew\node_modules\mongoose\lib\model.js:609:5)
    at async POST (C:\Users\User\Desktop\farmferry\FarmFerryBackendNew\.next\dev\server\chunks\[root-of-the-server]__4363d375._.js:1630:13)
    at async AppRouteRouteModule.do (C:\Users\User\Desktop\farmferry\FarmFerryBackendNew\node_modules\next\dist\compiled\next-server\app-route-turbo.runtime.dev.js:5:37866)
    at async AppRouteRouteModule.handle (C:\Users\User\Desktop\farmferry\FarmFerryBackendNew\node_modules\next\dist\compiled\next-server\app-route-turbo.runtime.dev.js:5:45156)
    at async responseGenerator (C:\Users\User\Desktop\farmferry\FarmFerryBackendNew\.next\dev\server\chunks\[root-of-the-server]__5c98ee35._.js:14871:38)
    at async AppRouteRouteModule.handleResponse (C:\Users\User\Desktop\farmferry\FarmFerryBackendNew\node_modules\next\dist\compiled\next-server\app-route-turbo.runtime.dev.js:1:187713)
    at async handleResponse (C:\Users\User\Desktop\farmferry\FarmFerryBackendNew\.next\dev\server\chunks\[root-of-the-server]__5c98ee35._.js:14934:32)
    at async Module.handler (C:\Users\User\Desktop\farmferry\FarmFerryBackendNew\.next\dev\server\chunks\[root-of-the-server]__5c98ee35._.js:14987:13)
    at async DevServer.renderToResponseWithComponentsImpl (C:\Users\User\Desktop\farmferry\FarmFerryBackendNew\node_modules\next\dist\server\base-server.js:1422:9)
    at async DevServer.renderPageComponent (C:\Users\User\Desktop\farmferry\FarmFerryBackendNew\node_modules\next\dist\server\base-server.js:1474:24)
    at async DevServer.renderToResponseImpl (C:\Users\User\Desktop\farmferry\FarmFerryBackendNew\node_modules\next\dist\server\base-server.js:1524:32)
    at async DevServer.pipeImpl (C:\Users\User\Desktop\farmferry\FarmFerryBackendNew\node_modules\next\dist\server\base-server.js:1018:25)
    at async NextNodeServer.handleCatchallRenderRequest (C:\Users\User\Desktop\farmferry\FarmFerryBackendNew\node_modules\next\dist\server\next-server.js:395:17)
    at async DevServer.handleRequestImpl (C:\Users\User\Desktop\farmferry\FarmFerryBackendNew\node_modules\next\dist\server\base-server.js:909:17)
    at async C:\Users\User\Desktop\farmferry\FarmFerryBackendNew\node_modules\next\dist\server\dev\next-dev-server.js:387:20
    at async Span.traceAsyncFn (C:\Users\User\Desktop\farmferry\FarmFerryBackendNew\node_modules\next\dist\trace\trace.js:157:20)
    at async DevServer.handleRequest (C:\Users\User\Desktop\farmferry\FarmFerryBackendNew\node_modules\next\dist\server\dev\next-dev-server.js:383:24)
    at async invokeRender (C:\Users\User\Desktop\farmferry\FarmFerryBackendNew\node_modules\next\dist\server\lib\router-server.js:248:21)
    at async handleRequest (C:\Users\User\Desktop\farmferry\FarmFerryBackendNew\node_modules\next\dist\server\lib\router-server.js:447:24)
    at async requestHandlerImpl (C:\Users\User\Desktop\farmferry\FarmFerryBackendNew\node_modules\next\dist\server\lib\router-server.js:496:13)
    at async Server.requestListener (C:\Users\User\Desktop\farmferry\FarmFerryBackendNew\node_modules\next\dist\server\lib\start-server.js:226:13)
[2026-01-27T11:30:19.294Z] POST /cart Body: {"productId":"69579384d6474999013ea1b8","quantity":1,"userId":"6967263c2d2951851c61b9c9"} | User: 6967263c2d2951851c61b9c9
[2026-01-27T11:30:19.674Z] ERROR: Cart validation failed: customer: Path `customer` is required., items.0.totalPrice: Path `totalPrice` is required., items.0.product: Path `product` is required.
Stack: ValidationError: Cart validation failed: customer: Path `customer` is required., items.0.totalPrice: Path `totalPrice` is required., items.0.product: Path `product` is required.
    at Document.invalidate (C:\Users\User\Desktop\farmferry\FarmFerryBackendNew\node_modules\mongoose\lib\document.js:3377:32)
    at validatePath (C:\Users\User\Desktop\farmferry\FarmFerryBackendNew\node_modules\mongoose\lib\document.js:3152:13)
    at process.processTicksAndRejections (node:internal/process/task_queues:105:5)
    at async Promise.all (index 0)
    at async model.$__validate (C:\Users\User\Desktop\farmferry\FarmFerryBackendNew\node_modules\mongoose\lib\document.js:3093:3)
    at async model.validate (C:\Users\User\Desktop\farmferry\FarmFerryBackendNew\node_modules\mongoose\lib\document.js:2670:5)
    at async model.validateBeforeSave (C:\Users\User\Desktop\farmferry\FarmFerryBackendNew\node_modules\mongoose\lib\plugins\validateBeforeSave.js:34:7)
    at async Kareem.execPre (C:\Users\User\Desktop\farmferry\FarmFerryBackendNew\node_modules\kareem\index.js:65:24)
    at async model.$__save (C:\Users\User\Desktop\farmferry\FarmFerryBackendNew\node_modules\mongoose\lib\model.js:369:5)
    at async model.save (C:\Users\User\Desktop\farmferry\FarmFerryBackendNew\node_modules\mongoose\lib\model.js:609:5)
    at async POST (C:\Users\User\Desktop\farmferry\FarmFerryBackendNew\.next\dev\server\chunks\[root-of-the-server]__4363d375._.js:1630:13)
    at async AppRouteRouteModule.do (C:\Users\User\Desktop\farmferry\FarmFerryBackendNew\node_modules\next\dist\compiled\next-server\app-route-turbo.runtime.dev.js:5:37866)
    at async AppRouteRouteModule.handle (C:\Users\User\Desktop\farmferry\FarmFerryBackendNew\node_modules\next\dist\compiled\next-server\app-route-turbo.runtime.dev.js:5:45156)
    at async responseGenerator (C:\Users\User\Desktop\farmferry\FarmFerryBackendNew\.next\dev\server\chunks\[root-of-the-server]__5c98ee35._.js:14871:38)
    at async AppRouteRouteModule.handleResponse (C:\Users\User\Desktop\farmferry\FarmFerryBackendNew\node_modules\next\dist\compiled\next-server\app-route-turbo.runtime.dev.js:1:187713)
    at async handleResponse (C:\Users\User\Desktop\farmferry\FarmFerryBackendNew\.next\dev\server\chunks\[root-of-the-server]__5c98ee35._.js:14934:32)
    at async Module.handler (C:\Users\User\Desktop\farmferry\FarmFerryBackendNew\.next\dev\server\chunks\[root-of-the-server]__5c98ee35._.js:14987:13)
    at async DevServer.renderToResponseWithComponentsImpl (C:\Users\User\Desktop\farmferry\FarmFerryBackendNew\node_modules\next\dist\server\base-server.js:1422:9)
    at async DevServer.renderPageComponent (C:\Users\User\Desktop\farmferry\FarmFerryBackendNew\node_modules\next\dist\server\base-server.js:1474:24)
    at async DevServer.renderToResponseImpl (C:\Users\User\Desktop\farmferry\FarmFerryBackendNew\node_modules\next\dist\server\base-server.js:1524:32)
    at async DevServer.pipeImpl (C:\Users\User\Desktop\farmferry\FarmFerryBackendNew\node_modules\next\dist\server\base-server.js:1018:25)
    at async NextNodeServer.handleCatchallRenderRequest (C:\Users\User\Desktop\farmferry\FarmFerryBackendNew\node_modules\next\dist\server\next-server.js:395:17)
    at async DevServer.handleRequestImpl (C:\Users\User\Desktop\farmferry\FarmFerryBackendNew\node_modules\next\dist\server\base-server.js:909:17)
    at async C:\Users\User\Desktop\farmferry\FarmFerryBackendNew\node_modules\next\dist\server\dev\next-dev-server.js:387:20
    at async Span.traceAsyncFn (C:\Users\User\Desktop\farmferry\FarmFerryBackendNew\node_modules\next\dist\trace\trace.js:157:20)
    at async DevServer.handleRequest (C:\Users\User\Desktop\farmferry\FarmFerryBackendNew\node_modules\next\dist\server\dev\next-dev-server.js:383:24)
    at async invokeRender (C:\Users\User\Desktop\farmferry\FarmFerryBackendNew\node_modules\next\dist\server\lib\router-server.js:248:21)
    at async handleRequest (C:\Users\User\Desktop\farmferry\FarmFerryBackendNew\node_modules\next\dist\server\lib\router-server.js:447:24)
    at async requestHandlerImpl (C:\Users\User\Desktop\farmferry\FarmFerryBackendNew\node_modules\next\dist\server\lib\router-server.js:496:13)
    at async Server.requestListener (C:\Users\User\Desktop\farmferry\FarmFerryBackendNew\node_modules\next\dist\server\lib\start-server.js:226:13)
[2026-01-27T11:30:33.440Z] POST /cart Body: {"productId":"69579384d6474999013ea1b8","quantity":1,"userId":"6967263c2d2951851c61b9c9"} | User: 6967263c2d2951851c61b9c9
[2026-01-27T11:30:33.639Z] ERROR: Cart validation failed: customer: Path `customer` is required., items.0.totalPrice: Path `totalPrice` is required., items.0.product: Path `product` is required.
Stack: ValidationError: Cart validation failed: customer: Path `customer` is required., items.0.totalPrice: Path `totalPrice` is required., items.0.product: Path `product` is required.
    at Document.invalidate (C:\Users\User\Desktop\farmferry\FarmFerryBackendNew\node_modules\mongoose\lib\document.js:3377:32)
    at validatePath (C:\Users\User\Desktop\farmferry\FarmFerryBackendNew\node_modules\mongoose\lib\document.js:3152:13)
    at process.processTicksAndRejections (node:internal/process/task_queues:105:5)
    at async Promise.all (index 0)
    at async model.$__validate (C:\Users\User\Desktop\farmferry\FarmFerryBackendNew\node_modules\mongoose\lib\document.js:3093:3)
    at async model.validate (C:\Users\User\Desktop\farmferry\FarmFerryBackendNew\node_modules\mongoose\lib\document.js:2670:5)
    at async model.validateBeforeSave (C:\Users\User\Desktop\farmferry\FarmFerryBackendNew\node_modules\mongoose\lib\plugins\validateBeforeSave.js:34:7)
    at async Kareem.execPre (C:\Users\User\Desktop\farmferry\FarmFerryBackendNew\node_modules\kareem\index.js:65:24)
    at async model.$__save (C:\Users\User\Desktop\farmferry\FarmFerryBackendNew\node_modules\mongoose\lib\model.js:369:5)
    at async model.save (C:\Users\User\Desktop\farmferry\FarmFerryBackendNew\node_modules\mongoose\lib\model.js:609:5)
    at async POST (C:\Users\User\Desktop\farmferry\FarmFerryBackendNew\.next\dev\server\chunks\[root-of-the-server]__4363d375._.js:1630:13)
    at async AppRouteRouteModule.do (C:\Users\User\Desktop\farmferry\FarmFerryBackendNew\node_modules\next\dist\compiled\next-server\app-route-turbo.runtime.dev.js:5:37866)
    at async AppRouteRouteModule.handle (C:\Users\User\Desktop\farmferry\FarmFerryBackendNew\node_modules\next\dist\compiled\next-server\app-route-turbo.runtime.dev.js:5:45156)
    at async responseGenerator (C:\Users\User\Desktop\farmferry\FarmFerryBackendNew\.next\dev\server\chunks\[root-of-the-server]__5c98ee35._.js:14871:38)
    at async AppRouteRouteModule.handleResponse (C:\Users\User\Desktop\farmferry\FarmFerryBackendNew\node_modules\next\dist\compiled\next-server\app-route-turbo.runtime.dev.js:1:187713)
    at async handleResponse (C:\Users\User\Desktop\farmferry\FarmFerryBackendNew\.next\dev\server\chunks\[root-of-the-server]__5c98ee35._.js:14934:32)
    at async Module.handler (C:\Users\User\Desktop\farmferry\FarmFerryBackendNew\.next\dev\server\chunks\[root-of-the-server]__5c98ee35._.js:14987:13)
    at async DevServer.renderToResponseWithComponentsImpl (C:\Users\User\Desktop\farmferry\FarmFerryBackendNew\node_modules\next\dist\server\base-server.js:1422:9)
    at async DevServer.renderPageComponent (C:\Users\User\Desktop\farmferry\FarmFerryBackendNew\node_modules\next\dist\server\base-server.js:1474:24)
    at async DevServer.renderToResponseImpl (C:\Users\User\Desktop\farmferry\FarmFerryBackendNew\node_modules\next\dist\server\base-server.js:1524:32)
    at async DevServer.pipeImpl (C:\Users\User\Desktop\farmferry\FarmFerryBackendNew\node_modules\next\dist\server\base-server.js:1018:25)
    at async NextNodeServer.handleCatchallRenderRequest (C:\Users\User\Desktop\farmferry\FarmFerryBackendNew\node_modules\next\dist\server\next-server.js:395:17)
    at async DevServer.handleRequestImpl (C:\Users\User\Desktop\farmferry\FarmFerryBackendNew\node_modules\next\dist\server\base-server.js:909:17)
    at async C:\Users\User\Desktop\farmferry\FarmFerryBackendNew\node_modules\next\dist\server\dev\next-dev-server.js:387:20
    at async Span.traceAsyncFn (C:\Users\User\Desktop\farmferry\FarmFerryBackendNew\node_modules\next\dist\trace\trace.js:157:20)
    at async DevServer.handleRequest (C:\Users\User\Desktop\farmferry\FarmFerryBackendNew\node_modules\next\dist\server\dev\next-dev-server.js:383:24)
    at async invokeRender (C:\Users\User\Desktop\farmferry\FarmFerryBackendNew\node_modules\next\dist\server\lib\router-server.js:248:21)
    at async handleRequest (C:\Users\User\Desktop\farmferry\FarmFerryBackendNew\node_modules\next\dist\server\lib\router-server.js:447:24)
    at async requestHandlerImpl (C:\Users\User\Desktop\farmferry\FarmFerryBackendNew\node_modules\next\dist\server\lib\router-server.js:496:13)
    at async Server.requestListener (C:\Users\User\Desktop\farmferry\FarmFerryBackendNew\node_modules\next\dist\server\lib\start-server.js:226:13)
[2026-01-27T11:36:41.075Z] POST /cart Body: {"productId":"69579384d6474999013ea1b8","quantity":1,"userId":"6967263c2d2951851c61b9c9"} | User: 6967263c2d2951851c61b9c9
[2026-01-27T11:36:41.214Z] ERROR: Cart validation failed: customer: Path `customer` is required., items.0.totalPrice: Path `totalPrice` is required., items.0.product: Path `product` is required.
Stack: ValidationError: Cart validation failed: customer: Path `customer` is required., items.0.totalPrice: Path `totalPrice` is required., items.0.product: Path `product` is required.
    at Document.invalidate (C:\Users\User\Desktop\farmferry\FarmFerryBackendNew\node_modules\mongoose\lib\document.js:3377:32)
    at validatePath (C:\Users\User\Desktop\farmferry\FarmFerryBackendNew\node_modules\mongoose\lib\document.js:3152:13)
    at process.processTicksAndRejections (node:internal/process/task_queues:105:5)
    at async Promise.all (index 0)
    at async model.$__validate (C:\Users\User\Desktop\farmferry\FarmFerryBackendNew\node_modules\mongoose\lib\document.js:3093:3)
    at async model.validate (C:\Users\User\Desktop\farmferry\FarmFerryBackendNew\node_modules\mongoose\lib\document.js:2670:5)
    at async model.validateBeforeSave (C:\Users\User\Desktop\farmferry\FarmFerryBackendNew\node_modules\mongoose\lib\plugins\validateBeforeSave.js:34:7)
    at async Kareem.execPre (C:\Users\User\Desktop\farmferry\FarmFerryBackendNew\node_modules\kareem\index.js:65:24)
    at async model.$__save (C:\Users\User\Desktop\farmferry\FarmFerryBackendNew\node_modules\mongoose\lib\model.js:369:5)
    at async model.save (C:\Users\User\Desktop\farmferry\FarmFerryBackendNew\node_modules\mongoose\lib\model.js:609:5)
    at async POST (C:\Users\User\Desktop\farmferry\FarmFerryBackendNew\.next\dev\server\chunks\[root-of-the-server]__4363d375._.js:1630:13)
    at async AppRouteRouteModule.do (C:\Users\User\Desktop\farmferry\FarmFerryBackendNew\node_modules\next\dist\compiled\next-server\app-route-turbo.runtime.dev.js:5:37866)
    at async AppRouteRouteModule.handle (C:\Users\User\Desktop\farmferry\FarmFerryBackendNew\node_modules\next\dist\compiled\next-server\app-route-turbo.runtime.dev.js:5:45156)
    at async responseGenerator (C:\Users\User\Desktop\farmferry\FarmFerryBackendNew\.next\dev\server\chunks\[root-of-the-server]__5c98ee35._.js:14871:38)
    at async AppRouteRouteModule.handleResponse (C:\Users\User\Desktop\farmferry\FarmFerryBackendNew\node_modules\next\dist\compiled\next-server\app-route-turbo.runtime.dev.js:1:187713)
    at async handleResponse (C:\Users\User\Desktop\farmferry\FarmFerryBackendNew\.next\dev\server\chunks\[root-of-the-server]__5c98ee35._.js:14934:32)
    at async Module.handler (C:\Users\User\Desktop\farmferry\FarmFerryBackendNew\.next\dev\server\chunks\[root-of-the-server]__5c98ee35._.js:14987:13)
    at async DevServer.renderToResponseWithComponentsImpl (C:\Users\User\Desktop\farmferry\FarmFerryBackendNew\node_modules\next\dist\server\base-server.js:1422:9)
    at async DevServer.renderPageComponent (C:\Users\User\Desktop\farmferry\FarmFerryBackendNew\node_modules\next\dist\server\base-server.js:1474:24)
    at async DevServer.renderToResponseImpl (C:\Users\User\Desktop\farmferry\FarmFerryBackendNew\node_modules\next\dist\server\base-server.js:1524:32)
    at async DevServer.pipeImpl (C:\Users\User\Desktop\farmferry\FarmFerryBackendNew\node_modules\next\dist\server\base-server.js:1018:25)
    at async NextNodeServer.handleCatchallRenderRequest (C:\Users\User\Desktop\farmferry\FarmFerryBackendNew\node_modules\next\dist\server\next-server.js:395:17)
    at async DevServer.handleRequestImpl (C:\Users\User\Desktop\farmferry\FarmFerryBackendNew\node_modules\next\dist\server\base-server.js:909:17)
    at async C:\Users\User\Desktop\farmferry\FarmFerryBackendNew\node_modules\next\dist\server\dev\next-dev-server.js:387:20
    at async Span.traceAsyncFn (C:\Users\User\Desktop\farmferry\FarmFerryBackendNew\node_modules\next\dist\trace\trace.js:157:20)
    at async DevServer.handleRequest (C:\Users\User\Desktop\farmferry\FarmFerryBackendNew\node_modules\next\dist\server\dev\next-dev-server.js:383:24)
    at async invokeRender (C:\Users\User\Desktop\farmferry\FarmFerryBackendNew\node_modules\next\dist\server\lib\router-server.js:248:21)
    at async handleRequest (C:\Users\User\Desktop\farmferry\FarmFerryBackendNew\node_modules\next\dist\server\lib\router-server.js:447:24)
    at async requestHandlerImpl (C:\Users\User\Desktop\farmferry\FarmFerryBackendNew\node_modules\next\dist\server\lib\router-server.js:496:13)
    at async Server.requestListener (C:\Users\User\Desktop\farmferry\FarmFerryBackendNew\node_modules\next\dist\server\lib\start-server.js:226:13)
[2026-01-29T12:45:40.336Z] POST /cart Body: {"productId":"6965e11d1c667d5b26e6ee3c","quantity":1,"userId":"6967263c2d2951851c61b9c9"} | User: 6967263c2d2951851c61b9c9
[2026-01-29T12:45:40.512Z] ERROR: Cart validation failed: customer: Path `customer` is required., items.0.totalPrice: Path `totalPrice` is required., items.0.product: Path `product` is required.
Stack: ValidationError: Cart validation failed: customer: Path `customer` is required., items.0.totalPrice: Path `totalPrice` is required., items.0.product: Path `product` is required.
    at Document.invalidate (C:\Users\User\Desktop\farmferry\FarmFerryBackendNew\node_modules\mongoose\lib\document.js:3377:32)
    at validatePath (C:\Users\User\Desktop\farmferry\FarmFerryBackendNew\node_modules\mongoose\lib\document.js:3152:13)
    at process.processTicksAndRejections (node:internal/process/task_queues:105:5)
    at async Promise.all (index 0)
    at async model.$__validate (C:\Users\User\Desktop\farmferry\FarmFerryBackendNew\node_modules\mongoose\lib\document.js:3093:3)
    at async model.validate (C:\Users\User\Desktop\farmferry\FarmFerryBackendNew\node_modules\mongoose\lib\document.js:2670:5)
    at async model.validateBeforeSave (C:\Users\User\Desktop\farmferry\FarmFerryBackendNew\node_modules\mongoose\lib\plugins\validateBeforeSave.js:34:7)
    at async Kareem.execPre (C:\Users\User\Desktop\farmferry\FarmFerryBackendNew\node_modules\kareem\index.js:65:24)
    at async model.$__save (C:\Users\User\Desktop\farmferry\FarmFerryBackendNew\node_modules\mongoose\lib\model.js:369:5)
    at async model.save (C:\Users\User\Desktop\farmferry\FarmFerryBackendNew\node_modules\mongoose\lib\model.js:609:5)
    at async POST (C:\Users\User\Desktop\farmferry\FarmFerryBackendNew\.next\dev\server\chunks\[root-of-the-server]__4363d375._.js:1630:13)
    at async AppRouteRouteModule.do (C:\Users\User\Desktop\farmferry\FarmFerryBackendNew\node_modules\next\dist\compiled\next-server\app-route-turbo.runtime.dev.js:5:37866)
    at async AppRouteRouteModule.handle (C:\Users\User\Desktop\farmferry\FarmFerryBackendNew\node_modules\next\dist\compiled\next-server\app-route-turbo.runtime.dev.js:5:45156)
    at async responseGenerator (C:\Users\User\Desktop\farmferry\FarmFerryBackendNew\.next\dev\server\chunks\[root-of-the-server]__5c98ee35._.js:14871:38)
    at async AppRouteRouteModule.handleResponse (C:\Users\User\Desktop\farmferry\FarmFerryBackendNew\node_modules\next\dist\compiled\next-server\app-route-turbo.runtime.dev.js:1:187713)
    at async handleResponse (C:\Users\User\Desktop\farmferry\FarmFerryBackendNew\.next\dev\server\chunks\[root-of-the-server]__5c98ee35._.js:14934:32)
    at async Module.handler (C:\Users\User\Desktop\farmferry\FarmFerryBackendNew\.next\dev\server\chunks\[root-of-the-server]__5c98ee35._.js:14987:13)
    at async DevServer.renderToResponseWithComponentsImpl (C:\Users\User\Desktop\farmferry\FarmFerryBackendNew\node_modules\next\dist\server\base-server.js:1422:9)
    at async DevServer.renderPageComponent (C:\Users\User\Desktop\farmferry\FarmFerryBackendNew\node_modules\next\dist\server\base-server.js:1474:24)
    at async DevServer.renderToResponseImpl (C:\Users\User\Desktop\farmferry\FarmFerryBackendNew\node_modules\next\dist\server\base-server.js:1524:32)
    at async DevServer.pipeImpl (C:\Users\User\Desktop\farmferry\FarmFerryBackendNew\node_modules\next\dist\server\base-server.js:1018:25)
    at async NextNodeServer.handleCatchallRenderRequest (C:\Users\User\Desktop\farmferry\FarmFerryBackendNew\node_modules\next\dist\server\next-server.js:395:17)
    at async DevServer.handleRequestImpl (C:\Users\User\Desktop\farmferry\FarmFerryBackendNew\node_modules\next\dist\server\base-server.js:909:17)
    at async C:\Users\User\Desktop\farmferry\FarmFerryBackendNew\node_modules\next\dist\server\dev\next-dev-server.js:387:20
    at async Span.traceAsyncFn (C:\Users\User\Desktop\farmferry\FarmFerryBackendNew\node_modules\next\dist\trace\trace.js:157:20)
    at async DevServer.handleRequest (C:\Users\User\Desktop\farmferry\FarmFerryBackendNew\node_modules\next\dist\server\dev\next-dev-server.js:383:24)
    at async invokeRender (C:\Users\User\Desktop\farmferry\FarmFerryBackendNew\node_modules\next\dist\server\lib\router-server.js:248:21)
    at async handleRequest (C:\Users\User\Desktop\farmferry\FarmFerryBackendNew\node_modules\next\dist\server\lib\router-server.js:447:24)
    at async requestHandlerImpl (C:\Users\User\Desktop\farmferry\FarmFerryBackendNew\node_modules\next\dist\server\lib\router-server.js:496:13)
    at async Server.requestListener (C:\Users\User\Desktop\farmferry\FarmFerryBackendNew\node_modules\next\dist\server\lib\start-server.js:226:13)
[2026-01-30T06:38:29.425Z] POST /cart Body: {"productId":"69579384d6474999013ea1b8","quantity":1,"userId":"6967263c2d2951851c61b9c9"} | User: 6967263c2d2951851c61b9c9
[2026-01-30T06:38:29.595Z] ERROR: Cart validation failed: customer: Path `customer` is required., items.0.totalPrice: Path `totalPrice` is required., items.0.product: Path `product` is required.
Stack: ValidationError: Cart validation failed: customer: Path `customer` is required., items.0.totalPrice: Path `totalPrice` is required., items.0.product: Path `product` is required.
    at Document.invalidate (C:\Users\User\Desktop\farmferry\FarmFerryBackendNew\node_modules\mongoose\lib\document.js:3377:32)
    at validatePath (C:\Users\User\Desktop\farmferry\FarmFerryBackendNew\node_modules\mongoose\lib\document.js:3152:13)
    at process.processTicksAndRejections (node:internal/process/task_queues:105:5)
    at async Promise.all (index 0)
    at async model.$__validate (C:\Users\User\Desktop\farmferry\FarmFerryBackendNew\node_modules\mongoose\lib\document.js:3093:3)
    at async model.validate (C:\Users\User\Desktop\farmferry\FarmFerryBackendNew\node_modules\mongoose\lib\document.js:2670:5)
    at async model.validateBeforeSave (C:\Users\User\Desktop\farmferry\FarmFerryBackendNew\node_modules\mongoose\lib\plugins\validateBeforeSave.js:34:7)
    at async Kareem.execPre (C:\Users\User\Desktop\farmferry\FarmFerryBackendNew\node_modules\kareem\index.js:65:24)
    at async model.$__save (C:\Users\User\Desktop\farmferry\FarmFerryBackendNew\node_modules\mongoose\lib\model.js:369:5)
    at async model.save (C:\Users\User\Desktop\farmferry\FarmFerryBackendNew\node_modules\mongoose\lib\model.js:609:5)
    at async POST (C:\Users\User\Desktop\farmferry\FarmFerryBackendNew\.next\dev\server\chunks\[root-of-the-server]__4363d375._.js:1630:13)
    at async AppRouteRouteModule.do (C:\Users\User\Desktop\farmferry\FarmFerryBackendNew\node_modules\next\dist\compiled\next-server\app-route-turbo.runtime.dev.js:5:37866)
    at async AppRouteRouteModule.handle (C:\Users\User\Desktop\farmferry\FarmFerryBackendNew\node_modules\next\dist\compiled\next-server\app-route-turbo.runtime.dev.js:5:45156)
    at async responseGenerator (C:\Users\User\Desktop\farmferry\FarmFerryBackendNew\.next\dev\server\chunks\[root-of-the-server]__5c98ee35._.js:14871:38)
    at async AppRouteRouteModule.handleResponse (C:\Users\User\Desktop\farmferry\FarmFerryBackendNew\node_modules\next\dist\compiled\next-server\app-route-turbo.runtime.dev.js:1:187713)
    at async handleResponse (C:\Users\User\Desktop\farmferry\FarmFerryBackendNew\.next\dev\server\chunks\[root-of-the-server]__5c98ee35._.js:14934:32)
    at async Module.handler (C:\Users\User\Desktop\farmferry\FarmFerryBackendNew\.next\dev\server\chunks\[root-of-the-server]__5c98ee35._.js:14987:13)
    at async DevServer.renderToResponseWithComponentsImpl (C:\Users\User\Desktop\farmferry\FarmFerryBackendNew\node_modules\next\dist\server\base-server.js:1422:9)
    at async DevServer.renderPageComponent (C:\Users\User\Desktop\farmferry\FarmFerryBackendNew\node_modules\next\dist\server\base-server.js:1474:24)
    at async DevServer.renderToResponseImpl (C:\Users\User\Desktop\farmferry\FarmFerryBackendNew\node_modules\next\dist\server\base-server.js:1524:32)
    at async DevServer.pipeImpl (C:\Users\User\Desktop\farmferry\FarmFerryBackendNew\node_modules\next\dist\server\base-server.js:1018:25)
    at async NextNodeServer.handleCatchallRenderRequest (C:\Users\User\Desktop\farmferry\FarmFerryBackendNew\node_modules\next\dist\server\next-server.js:395:17)
    at async DevServer.handleRequestImpl (C:\Users\User\Desktop\farmferry\FarmFerryBackendNew\node_modules\next\dist\server\base-server.js:909:17)
    at async C:\Users\User\Desktop\farmferry\FarmFerryBackendNew\node_modules\next\dist\server\dev\next-dev-server.js:387:20
    at async Span.traceAsyncFn (C:\Users\User\Desktop\farmferry\FarmFerryBackendNew\node_modules\next\dist\trace\trace.js:157:20)
    at async DevServer.handleRequest (C:\Users\User\Desktop\farmferry\FarmFerryBackendNew\node_modules\next\dist\server\dev\next-dev-server.js:383:24)
    at async invokeRender (C:\Users\User\Desktop\farmferry\FarmFerryBackendNew\node_modules\next\dist\server\lib\router-server.js:248:21)
    at async handleRequest (C:\Users\User\Desktop\farmferry\FarmFerryBackendNew\node_modules\next\dist\server\lib\router-server.js:447:24)
    at async requestHandlerImpl (C:\Users\User\Desktop\farmferry\FarmFerryBackendNew\node_modules\next\dist\server\lib\router-server.js:496:13)
    at async Server.requestListener (C:\Users\User\Desktop\farmferry\FarmFerryBackendNew\node_modules\next\dist\server\lib\start-server.js:226:13)
[2026-01-30T06:38:35.732Z] POST /cart Body: {"productId":"69579384d6474999013ea1b8","quantity":1,"userId":"6967263c2d2951851c61b9c9"} | User: 6967263c2d2951851c61b9c9
[2026-01-30T06:38:35.866Z] ERROR: Cart validation failed: customer: Path `customer` is required., items.0.totalPrice: Path `totalPrice` is required., items.0.product: Path `product` is required.
Stack: ValidationError: Cart validation failed: customer: Path `customer` is required., items.0.totalPrice: Path `totalPrice` is required., items.0.product: Path `product` is required.
    at Document.invalidate (C:\Users\User\Desktop\farmferry\FarmFerryBackendNew\node_modules\mongoose\lib\document.js:3377:32)
    at validatePath (C:\Users\User\Desktop\farmferry\FarmFerryBackendNew\node_modules\mongoose\lib\document.js:3152:13)
    at process.processTicksAndRejections (node:internal/process/task_queues:105:5)
    at async Promise.all (index 0)
    at async model.$__validate (C:\Users\User\Desktop\farmferry\FarmFerryBackendNew\node_modules\mongoose\lib\document.js:3093:3)
    at async model.validate (C:\Users\User\Desktop\farmferry\FarmFerryBackendNew\node_modules\mongoose\lib\document.js:2670:5)
    at async model.validateBeforeSave (C:\Users\User\Desktop\farmferry\FarmFerryBackendNew\node_modules\mongoose\lib\plugins\validateBeforeSave.js:34:7)
    at async Kareem.execPre (C:\Users\User\Desktop\farmferry\FarmFerryBackendNew\node_modules\kareem\index.js:65:24)
    at async model.$__save (C:\Users\User\Desktop\farmferry\FarmFerryBackendNew\node_modules\mongoose\lib\model.js:369:5)
    at async model.save (C:\Users\User\Desktop\farmferry\FarmFerryBackendNew\node_modules\mongoose\lib\model.js:609:5)
    at async POST (C:\Users\User\Desktop\farmferry\FarmFerryBackendNew\.next\dev\server\chunks\[root-of-the-server]__4363d375._.js:1630:13)
    at async AppRouteRouteModule.do (C:\Users\User\Desktop\farmferry\FarmFerryBackendNew\node_modules\next\dist\compiled\next-server\app-route-turbo.runtime.dev.js:5:37866)
    at async AppRouteRouteModule.handle (C:\Users\User\Desktop\farmferry\FarmFerryBackendNew\node_modules\next\dist\compiled\next-server\app-route-turbo.runtime.dev.js:5:45156)
    at async responseGenerator (C:\Users\User\Desktop\farmferry\FarmFerryBackendNew\.next\dev\server\chunks\[root-of-the-server]__5c98ee35._.js:14871:38)
    at async AppRouteRouteModule.handleResponse (C:\Users\User\Desktop\farmferry\FarmFerryBackendNew\node_modules\next\dist\compiled\next-server\app-route-turbo.runtime.dev.js:1:187713)
    at async handleResponse (C:\Users\User\Desktop\farmferry\FarmFerryBackendNew\.next\dev\server\chunks\[root-of-the-server]__5c98ee35._.js:14934:32)
    at async Module.handler (C:\Users\User\Desktop\farmferry\FarmFerryBackendNew\.next\dev\server\chunks\[root-of-the-server]__5c98ee35._.js:14987:13)
    at async DevServer.renderToResponseWithComponentsImpl (C:\Users\User\Desktop\farmferry\FarmFerryBackendNew\node_modules\next\dist\server\base-server.js:1422:9)
    at async DevServer.renderPageComponent (C:\Users\User\Desktop\farmferry\FarmFerryBackendNew\node_modules\next\dist\server\base-server.js:1474:24)
    at async DevServer.renderToResponseImpl (C:\Users\User\Desktop\farmferry\FarmFerryBackendNew\node_modules\next\dist\server\base-server.js:1524:32)
    at async DevServer.pipeImpl (C:\Users\User\Desktop\farmferry\FarmFerryBackendNew\node_modules\next\dist\server\base-server.js:1018:25)
    at async NextNodeServer.handleCatchallRenderRequest (C:\Users\User\Desktop\farmferry\FarmFerryBackendNew\node_modules\next\dist\server\next-server.js:395:17)
    at async DevServer.handleRequestImpl (C:\Users\User\Desktop\farmferry\FarmFerryBackendNew\node_modules\next\dist\server\base-server.js:909:17)
    at async C:\Users\User\Desktop\farmferry\FarmFerryBackendNew\node_modules\next\dist\server\dev\next-dev-server.js:387:20
    at async Span.traceAsyncFn (C:\Users\User\Desktop\farmferry\FarmFerryBackendNew\node_modules\next\dist\trace\trace.js:157:20)
    at async DevServer.handleRequest (C:\Users\User\Desktop\farmferry\FarmFerryBackendNew\node_modules\next\dist\server\dev\next-dev-server.js:383:24)
    at async invokeRender (C:\Users\User\Desktop\farmferry\FarmFerryBackendNew\node_modules\next\dist\server\lib\router-server.js:248:21)
    at async handleRequest (C:\Users\User\Desktop\farmferry\FarmFerryBackendNew\node_modules\next\dist\server\lib\router-server.js:447:24)
    at async requestHandlerImpl (C:\Users\User\Desktop\farmferry\FarmFerryBackendNew\node_modules\next\dist\server\lib\router-server.js:496:13)
    at async Server.requestListener (C:\Users\User\Desktop\farmferry\FarmFerryBackendNew\node_modules\next\dist\server\lib\start-server.js:226:13)
[2026-01-30T06:38:41.520Z] POST /cart Body: {"productId":"69579384d6474999013ea1b8","quantity":1,"userId":"6967263c2d2951851c61b9c9"} | User: 6967263c2d2951851c61b9c9
[2026-01-30T06:38:41.753Z] ERROR: Cart validation failed: customer: Path `customer` is required., items.0.totalPrice: Path `totalPrice` is required., items.0.product: Path `product` is required.
Stack: ValidationError: Cart validation failed: customer: Path `customer` is required., items.0.totalPrice: Path `totalPrice` is required., items.0.product: Path `product` is required.
    at Document.invalidate (C:\Users\User\Desktop\farmferry\FarmFerryBackendNew\node_modules\mongoose\lib\document.js:3377:32)
    at validatePath (C:\Users\User\Desktop\farmferry\FarmFerryBackendNew\node_modules\mongoose\lib\document.js:3152:13)
    at process.processTicksAndRejections (node:internal/process/task_queues:105:5)
    at async Promise.all (index 0)
    at async model.$__validate (C:\Users\User\Desktop\farmferry\FarmFerryBackendNew\node_modules\mongoose\lib\document.js:3093:3)
    at async model.validate (C:\Users\User\Desktop\farmferry\FarmFerryBackendNew\node_modules\mongoose\lib\document.js:2670:5)
    at async model.validateBeforeSave (C:\Users\User\Desktop\farmferry\FarmFerryBackendNew\node_modules\mongoose\lib\plugins\validateBeforeSave.js:34:7)
    at async Kareem.execPre (C:\Users\User\Desktop\farmferry\FarmFerryBackendNew\node_modules\kareem\index.js:65:24)
    at async model.$__save (C:\Users\User\Desktop\farmferry\FarmFerryBackendNew\node_modules\mongoose\lib\model.js:369:5)
    at async model.save (C:\Users\User\Desktop\farmferry\FarmFerryBackendNew\node_modules\mongoose\lib\model.js:609:5)
    at async POST (C:\Users\User\Desktop\farmferry\FarmFerryBackendNew\.next\dev\server\chunks\[root-of-the-server]__4363d375._.js:1630:13)
    at async AppRouteRouteModule.do (C:\Users\User\Desktop\farmferry\FarmFerryBackendNew\node_modules\next\dist\compiled\next-server\app-route-turbo.runtime.dev.js:5:37866)
    at async AppRouteRouteModule.handle (C:\Users\User\Desktop\farmferry\FarmFerryBackendNew\node_modules\next\dist\compiled\next-server\app-route-turbo.runtime.dev.js:5:45156)
    at async responseGenerator (C:\Users\User\Desktop\farmferry\FarmFerryBackendNew\.next\dev\server\chunks\[root-of-the-server]__5c98ee35._.js:14871:38)
    at async AppRouteRouteModule.handleResponse (C:\Users\User\Desktop\farmferry\FarmFerryBackendNew\node_modules\next\dist\compiled\next-server\app-route-turbo.runtime.dev.js:1:187713)
    at async handleResponse (C:\Users\User\Desktop\farmferry\FarmFerryBackendNew\.next\dev\server\chunks\[root-of-the-server]__5c98ee35._.js:14934:32)
    at async Module.handler (C:\Users\User\Desktop\farmferry\FarmFerryBackendNew\.next\dev\server\chunks\[root-of-the-server]__5c98ee35._.js:14987:13)
    at async DevServer.renderToResponseWithComponentsImpl (C:\Users\User\Desktop\farmferry\FarmFerryBackendNew\node_modules\next\dist\server\base-server.js:1422:9)
    at async DevServer.renderPageComponent (C:\Users\User\Desktop\farmferry\FarmFerryBackendNew\node_modules\next\dist\server\base-server.js:1474:24)
    at async DevServer.renderToResponseImpl (C:\Users\User\Desktop\farmferry\FarmFerryBackendNew\node_modules\next\dist\server\base-server.js:1524:32)
    at async DevServer.pipeImpl (C:\Users\User\Desktop\farmferry\FarmFerryBackendNew\node_modules\next\dist\server\base-server.js:1018:25)
    at async NextNodeServer.handleCatchallRenderRequest (C:\Users\User\Desktop\farmferry\FarmFerryBackendNew\node_modules\next\dist\server\next-server.js:395:17)
    at async DevServer.handleRequestImpl (C:\Users\User\Desktop\farmferry\FarmFerryBackendNew\node_modules\next\dist\server\base-server.js:909:17)
    at async C:\Users\User\Desktop\farmferry\FarmFerryBackendNew\node_modules\next\dist\server\dev\next-dev-server.js:387:20
    at async Span.traceAsyncFn (C:\Users\User\Desktop\farmferry\FarmFerryBackendNew\node_modules\next\dist\trace\trace.js:157:20)
    at async DevServer.handleRequest (C:\Users\User\Desktop\farmferry\FarmFerryBackendNew\node_modules\next\dist\server\dev\next-dev-server.js:383:24)
    at async invokeRender (C:\Users\User\Desktop\farmferry\FarmFerryBackendNew\node_modules\next\dist\server\lib\router-server.js:248:21)
    at async handleRequest (C:\Users\User\Desktop\farmferry\FarmFerryBackendNew\node_modules\next\dist\server\lib\router-server.js:447:24)
    at async requestHandlerImpl (C:\Users\User\Desktop\farmferry\FarmFerryBackendNew\node_modules\next\dist\server\lib\router-server.js:496:13)
    at async Server.requestListener (C:\Users\User\Desktop\farmferry\FarmFerryBackendNew\node_modules\next\dist\server\lib\start-server.js:226:13)
[2026-01-30T06:42:38.368Z] POST /cart Body: {"productId":"6965e11d1c667d5b26e6ee3c","quantity":1,"userId":"6967263c2d2951851c61b9c9"} | User: 6967263c2d2951851c61b9c9
[2026-01-30T06:42:38.656Z] ERROR: Cart validation failed: customer: Path `customer` is required., items.0.totalPrice: Path `totalPrice` is required., items.0.product: Path `product` is required.
Stack: ValidationError: Cart validation failed: customer: Path `customer` is required., items.0.totalPrice: Path `totalPrice` is required., items.0.product: Path `product` is required.
    at Document.invalidate (C:\Users\User\Desktop\farmferry\FarmFerryBackendNew\node_modules\mongoose\lib\document.js:3377:32)
    at validatePath (C:\Users\User\Desktop\farmferry\FarmFerryBackendNew\node_modules\mongoose\lib\document.js:3152:13)
    at process.processTicksAndRejections (node:internal/process/task_queues:105:5)
    at async Promise.all (index 0)
    at async model.$__validate (C:\Users\User\Desktop\farmferry\FarmFerryBackendNew\node_modules\mongoose\lib\document.js:3093:3)
    at async model.validate (C:\Users\User\Desktop\farmferry\FarmFerryBackendNew\node_modules\mongoose\lib\document.js:2670:5)
    at async model.validateBeforeSave (C:\Users\User\Desktop\farmferry\FarmFerryBackendNew\node_modules\mongoose\lib\plugins\validateBeforeSave.js:34:7)
    at async Kareem.execPre (C:\Users\User\Desktop\farmferry\FarmFerryBackendNew\node_modules\kareem\index.js:65:24)
    at async model.$__save (C:\Users\User\Desktop\farmferry\FarmFerryBackendNew\node_modules\mongoose\lib\model.js:369:5)
    at async model.save (C:\Users\User\Desktop\farmferry\FarmFerryBackendNew\node_modules\mongoose\lib\model.js:609:5)
    at async POST (C:\Users\User\Desktop\farmferry\FarmFerryBackendNew\.next\dev\server\chunks\[root-of-the-server]__4363d375._.js:1630:13)
    at async AppRouteRouteModule.do (C:\Users\User\Desktop\farmferry\FarmFerryBackendNew\node_modules\next\dist\compiled\next-server\app-route-turbo.runtime.dev.js:5:37866)
    at async AppRouteRouteModule.handle (C:\Users\User\Desktop\farmferry\FarmFerryBackendNew\node_modules\next\dist\compiled\next-server\app-route-turbo.runtime.dev.js:5:45156)
    at async responseGenerator (C:\Users\User\Desktop\farmferry\FarmFerryBackendNew\.next\dev\server\chunks\[root-of-the-server]__5c98ee35._.js:14871:38)
    at async AppRouteRouteModule.handleResponse (C:\Users\User\Desktop\farmferry\FarmFerryBackendNew\node_modules\next\dist\compiled\next-server\app-route-turbo.runtime.dev.js:1:187713)
    at async handleResponse (C:\Users\User\Desktop\farmferry\FarmFerryBackendNew\.next\dev\server\chunks\[root-of-the-server]__5c98ee35._.js:14934:32)
    at async Module.handler (C:\Users\User\Desktop\farmferry\FarmFerryBackendNew\.next\dev\server\chunks\[root-of-the-server]__5c98ee35._.js:14987:13)
    at async DevServer.renderToResponseWithComponentsImpl (C:\Users\User\Desktop\farmferry\FarmFerryBackendNew\node_modules\next\dist\server\base-server.js:1422:9)
    at async DevServer.renderPageComponent (C:\Users\User\Desktop\farmferry\FarmFerryBackendNew\node_modules\next\dist\server\base-server.js:1474:24)
    at async DevServer.renderToResponseImpl (C:\Users\User\Desktop\farmferry\FarmFerryBackendNew\node_modules\next\dist\server\base-server.js:1524:32)
    at async DevServer.pipeImpl (C:\Users\User\Desktop\farmferry\FarmFerryBackendNew\node_modules\next\dist\server\base-server.js:1018:25)
    at async NextNodeServer.handleCatchallRenderRequest (C:\Users\User\Desktop\farmferry\FarmFerryBackendNew\node_modules\next\dist\server\next-server.js:395:17)
    at async DevServer.handleRequestImpl (C:\Users\User\Desktop\farmferry\FarmFerryBackendNew\node_modules\next\dist\server\base-server.js:909:17)
    at async C:\Users\User\Desktop\farmferry\FarmFerryBackendNew\node_modules\next\dist\server\dev\next-dev-server.js:387:20
    at async Span.traceAsyncFn (C:\Users\User\Desktop\farmferry\FarmFerryBackendNew\node_modules\next\dist\trace\trace.js:157:20)
    at async DevServer.handleRequest (C:\Users\User\Desktop\farmferry\FarmFerryBackendNew\node_modules\next\dist\server\dev\next-dev-server.js:383:24)
    at async invokeRender (C:\Users\User\Desktop\farmferry\FarmFerryBackendNew\node_modules\next\dist\server\lib\router-server.js:248:21)
    at async handleRequest (C:\Users\User\Desktop\farmferry\FarmFerryBackendNew\node_modules\next\dist\server\lib\router-server.js:447:24)
    at async requestHandlerImpl (C:\Users\User\Desktop\farmferry\FarmFerryBackendNew\node_modules\next\dist\server\lib\router-server.js:496:13)
    at async Server.requestListener (C:\Users\User\Desktop\farmferry\FarmFerryBackendNew\node_modules\next\dist\server\lib\start-server.js:226:13)
[2026-01-30T06:42:50.384Z] POST /cart Body: {"productId":"69579384d6474999013ea1b8","quantity":1,"userId":"6967263c2d2951851c61b9c9"} | User: 6967263c2d2951851c61b9c9
[2026-01-30T06:42:50.609Z] ERROR: Cart validation failed: customer: Path `customer` is required., items.0.totalPrice: Path `totalPrice` is required., items.0.product: Path `product` is required.
Stack: ValidationError: Cart validation failed: customer: Path `customer` is required., items.0.totalPrice: Path `totalPrice` is required., items.0.product: Path `product` is required.
    at Document.invalidate (C:\Users\User\Desktop\farmferry\FarmFerryBackendNew\node_modules\mongoose\lib\document.js:3377:32)
    at validatePath (C:\Users\User\Desktop\farmferry\FarmFerryBackendNew\node_modules\mongoose\lib\document.js:3152:13)
    at process.processTicksAndRejections (node:internal/process/task_queues:105:5)
    at async Promise.all (index 0)
    at async model.$__validate (C:\Users\User\Desktop\farmferry\FarmFerryBackendNew\node_modules\mongoose\lib\document.js:3093:3)
    at async model.validate (C:\Users\User\Desktop\farmferry\FarmFerryBackendNew\node_modules\mongoose\lib\document.js:2670:5)
    at async model.validateBeforeSave (C:\Users\User\Desktop\farmferry\FarmFerryBackendNew\node_modules\mongoose\lib\plugins\validateBeforeSave.js:34:7)
    at async Kareem.execPre (C:\Users\User\Desktop\farmferry\FarmFerryBackendNew\node_modules\kareem\index.js:65:24)
    at async model.$__save (C:\Users\User\Desktop\farmferry\FarmFerryBackendNew\node_modules\mongoose\lib\model.js:369:5)
    at async model.save (C:\Users\User\Desktop\farmferry\FarmFerryBackendNew\node_modules\mongoose\lib\model.js:609:5)
    at async POST (C:\Users\User\Desktop\farmferry\FarmFerryBackendNew\.next\dev\server\chunks\[root-of-the-server]__4363d375._.js:1630:13)
    at async AppRouteRouteModule.do (C:\Users\User\Desktop\farmferry\FarmFerryBackendNew\node_modules\next\dist\compiled\next-server\app-route-turbo.runtime.dev.js:5:37866)
    at async AppRouteRouteModule.handle (C:\Users\User\Desktop\farmferry\FarmFerryBackendNew\node_modules\next\dist\compiled\next-server\app-route-turbo.runtime.dev.js:5:45156)
    at async responseGenerator (C:\Users\User\Desktop\farmferry\FarmFerryBackendNew\.next\dev\server\chunks\[root-of-the-server]__5c98ee35._.js:14871:38)
    at async AppRouteRouteModule.handleResponse (C:\Users\User\Desktop\farmferry\FarmFerryBackendNew\node_modules\next\dist\compiled\next-server\app-route-turbo.runtime.dev.js:1:187713)
    at async handleResponse (C:\Users\User\Desktop\farmferry\FarmFerryBackendNew\.next\dev\server\chunks\[root-of-the-server]__5c98ee35._.js:14934:32)
    at async Module.handler (C:\Users\User\Desktop\farmferry\FarmFerryBackendNew\.next\dev\server\chunks\[root-of-the-server]__5c98ee35._.js:14987:13)
    at async DevServer.renderToResponseWithComponentsImpl (C:\Users\User\Desktop\farmferry\FarmFerryBackendNew\node_modules\next\dist\server\base-server.js:1422:9)
    at async DevServer.renderPageComponent (C:\Users\User\Desktop\farmferry\FarmFerryBackendNew\node_modules\next\dist\server\base-server.js:1474:24)
    at async DevServer.renderToResponseImpl (C:\Users\User\Desktop\farmferry\FarmFerryBackendNew\node_modules\next\dist\server\base-server.js:1524:32)
    at async DevServer.pipeImpl (C:\Users\User\Desktop\farmferry\FarmFerryBackendNew\node_modules\next\dist\server\base-server.js:1018:25)
    at async NextNodeServer.handleCatchallRenderRequest (C:\Users\User\Desktop\farmferry\FarmFerryBackendNew\node_modules\next\dist\server\next-server.js:395:17)
    at async DevServer.handleRequestImpl (C:\Users\User\Desktop\farmferry\FarmFerryBackendNew\node_modules\next\dist\server\base-server.js:909:17)
    at async C:\Users\User\Desktop\farmferry\FarmFerryBackendNew\node_modules\next\dist\server\dev\next-dev-server.js:387:20
    at async Span.traceAsyncFn (C:\Users\User\Desktop\farmferry\FarmFerryBackendNew\node_modules\next\dist\trace\trace.js:157:20)
    at async DevServer.handleRequest (C:\Users\User\Desktop\farmferry\FarmFerryBackendNew\node_modules\next\dist\server\dev\next-dev-server.js:383:24)
    at async invokeRender (C:\Users\User\Desktop\farmferry\FarmFerryBackendNew\node_modules\next\dist\server\lib\router-server.js:248:21)
    at async handleRequest (C:\Users\User\Desktop\farmferry\FarmFerryBackendNew\node_modules\next\dist\server\lib\router-server.js:447:24)
    at async requestHandlerImpl (C:\Users\User\Desktop\farmferry\FarmFerryBackendNew\node_modules\next\dist\server\lib\router-server.js:496:13)
    at async Server.requestListener (C:\Users\User\Desktop\farmferry\FarmFerryBackendNew\node_modules\next\dist\server\lib\start-server.js:226:13)
[2026-01-30T06:43:01.989Z] POST /cart Body: {"productId":"69579384d6474999013ea1b8","quantity":1,"userId":"6967263c2d2951851c61b9c9"} | User: 6967263c2d2951851c61b9c9
[2026-01-30T06:43:02.116Z] ERROR: Cart validation failed: customer: Path `customer` is required., items.0.totalPrice: Path `totalPrice` is required., items.0.product: Path `product` is required.
Stack: ValidationError: Cart validation failed: customer: Path `customer` is required., items.0.totalPrice: Path `totalPrice` is required., items.0.product: Path `product` is required.
    at Document.invalidate (C:\Users\User\Desktop\farmferry\FarmFerryBackendNew\node_modules\mongoose\lib\document.js:3377:32)
    at validatePath (C:\Users\User\Desktop\farmferry\FarmFerryBackendNew\node_modules\mongoose\lib\document.js:3152:13)
    at process.processTicksAndRejections (node:internal/process/task_queues:105:5)
    at async Promise.all (index 0)
    at async model.$__validate (C:\Users\User\Desktop\farmferry\FarmFerryBackendNew\node_modules\mongoose\lib\document.js:3093:3)
    at async model.validate (C:\Users\User\Desktop\farmferry\FarmFerryBackendNew\node_modules\mongoose\lib\document.js:2670:5)
    at async model.validateBeforeSave (C:\Users\User\Desktop\farmferry\FarmFerryBackendNew\node_modules\mongoose\lib\plugins\validateBeforeSave.js:34:7)
    at async Kareem.execPre (C:\Users\User\Desktop\farmferry\FarmFerryBackendNew\node_modules\kareem\index.js:65:24)
    at async model.$__save (C:\Users\User\Desktop\farmferry\FarmFerryBackendNew\node_modules\mongoose\lib\model.js:369:5)
    at async model.save (C:\Users\User\Desktop\farmferry\FarmFerryBackendNew\node_modules\mongoose\lib\model.js:609:5)
    at async POST (C:\Users\User\Desktop\farmferry\FarmFerryBackendNew\.next\dev\server\chunks\[root-of-the-server]__4363d375._.js:1630:13)
    at async AppRouteRouteModule.do (C:\Users\User\Desktop\farmferry\FarmFerryBackendNew\node_modules\next\dist\compiled\next-server\app-route-turbo.runtime.dev.js:5:37866)
    at async AppRouteRouteModule.handle (C:\Users\User\Desktop\farmferry\FarmFerryBackendNew\node_modules\next\dist\compiled\next-server\app-route-turbo.runtime.dev.js:5:45156)
    at async responseGenerator (C:\Users\User\Desktop\farmferry\FarmFerryBackendNew\.next\dev\server\chunks\[root-of-the-server]__5c98ee35._.js:14871:38)
    at async AppRouteRouteModule.handleResponse (C:\Users\User\Desktop\farmferry\FarmFerryBackendNew\node_modules\next\dist\compiled\next-server\app-route-turbo.runtime.dev.js:1:187713)
    at async handleResponse (C:\Users\User\Desktop\farmferry\FarmFerryBackendNew\.next\dev\server\chunks\[root-of-the-server]__5c98ee35._.js:14934:32)
    at async Module.handler (C:\Users\User\Desktop\farmferry\FarmFerryBackendNew\.next\dev\server\chunks\[root-of-the-server]__5c98ee35._.js:14987:13)
    at async DevServer.renderToResponseWithComponentsImpl (C:\Users\User\Desktop\farmferry\FarmFerryBackendNew\node_modules\next\dist\server\base-server.js:1422:9)
    at async DevServer.renderPageComponent (C:\Users\User\Desktop\farmferry\FarmFerryBackendNew\node_modules\next\dist\server\base-server.js:1474:24)
    at async DevServer.renderToResponseImpl (C:\Users\User\Desktop\farmferry\FarmFerryBackendNew\node_modules\next\dist\server\base-server.js:1524:32)
    at async DevServer.pipeImpl (C:\Users\User\Desktop\farmferry\FarmFerryBackendNew\node_modules\next\dist\server\base-server.js:1018:25)
    at async NextNodeServer.handleCatchallRenderRequest (C:\Users\User\Desktop\farmferry\FarmFerryBackendNew\node_modules\next\dist\server\next-server.js:395:17)
    at async DevServer.handleRequestImpl (C:\Users\User\Desktop\farmferry\FarmFerryBackendNew\node_modules\next\dist\server\base-server.js:909:17)
    at async C:\Users\User\Desktop\farmferry\FarmFerryBackendNew\node_modules\next\dist\server\dev\next-dev-server.js:387:20
    at async Span.traceAsyncFn (C:\Users\User\Desktop\farmferry\FarmFerryBackendNew\node_modules\next\dist\trace\trace.js:157:20)
    at async DevServer.handleRequest (C:\Users\User\Desktop\farmferry\FarmFerryBackendNew\node_modules\next\dist\server\dev\next-dev-server.js:383:24)
    at async invokeRender (C:\Users\User\Desktop\farmferry\FarmFerryBackendNew\node_modules\next\dist\server\lib\router-server.js:248:21)
    at async handleRequest (C:\Users\User\Desktop\farmferry\FarmFerryBackendNew\node_modules\next\dist\server\lib\router-server.js:447:24)
    at async requestHandlerImpl (C:\Users\User\Desktop\farmferry\FarmFerryBackendNew\node_modules\next\dist\server\lib\router-server.js:496:13)
    at async Server.requestListener (C:\Users\User\Desktop\farmferry\FarmFerryBackendNew\node_modules\next\dist\server\lib\start-server.js:226:13)
[2026-01-30T06:43:03.152Z] POST /cart Body: {"productId":"69579384d6474999013ea1b8","quantity":1,"userId":"6967263c2d2951851c61b9c9"} | User: 6967263c2d2951851c61b9c9
[2026-01-30T06:43:03.344Z] ERROR: Cart validation failed: customer: Path `customer` is required., items.0.totalPrice: Path `totalPrice` is required., items.0.product: Path `product` is required.
Stack: ValidationError: Cart validation failed: customer: Path `customer` is required., items.0.totalPrice: Path `totalPrice` is required., items.0.product: Path `product` is required.
    at Document.invalidate (C:\Users\User\Desktop\farmferry\FarmFerryBackendNew\node_modules\mongoose\lib\document.js:3377:32)
    at validatePath (C:\Users\User\Desktop\farmferry\FarmFerryBackendNew\node_modules\mongoose\lib\document.js:3152:13)
    at process.processTicksAndRejections (node:internal/process/task_queues:105:5)
    at async Promise.all (index 0)
    at async model.$__validate (C:\Users\User\Desktop\farmferry\FarmFerryBackendNew\node_modules\mongoose\lib\document.js:3093:3)
    at async model.validate (C:\Users\User\Desktop\farmferry\FarmFerryBackendNew\node_modules\mongoose\lib\document.js:2670:5)
    at async model.validateBeforeSave (C:\Users\User\Desktop\farmferry\FarmFerryBackendNew\node_modules\mongoose\lib\plugins\validateBeforeSave.js:34:7)
    at async Kareem.execPre (C:\Users\User\Desktop\farmferry\FarmFerryBackendNew\node_modules\kareem\index.js:65:24)
    at async model.$__save (C:\Users\User\Desktop\farmferry\FarmFerryBackendNew\node_modules\mongoose\lib\model.js:369:5)
    at async model.save (C:\Users\User\Desktop\farmferry\FarmFerryBackendNew\node_modules\mongoose\lib\model.js:609:5)
    at async POST (C:\Users\User\Desktop\farmferry\FarmFerryBackendNew\.next\dev\server\chunks\[root-of-the-server]__4363d375._.js:1630:13)
    at async AppRouteRouteModule.do (C:\Users\User\Desktop\farmferry\FarmFerryBackendNew\node_modules\next\dist\compiled\next-server\app-route-turbo.runtime.dev.js:5:37866)
    at async AppRouteRouteModule.handle (C:\Users\User\Desktop\farmferry\FarmFerryBackendNew\node_modules\next\dist\compiled\next-server\app-route-turbo.runtime.dev.js:5:45156)
    at async responseGenerator (C:\Users\User\Desktop\farmferry\FarmFerryBackendNew\.next\dev\server\chunks\[root-of-the-server]__5c98ee35._.js:14871:38)
    at async AppRouteRouteModule.handleResponse (C:\Users\User\Desktop\farmferry\FarmFerryBackendNew\node_modules\next\dist\compiled\next-server\app-route-turbo.runtime.dev.js:1:187713)
    at async handleResponse (C:\Users\User\Desktop\farmferry\FarmFerryBackendNew\.next\dev\server\chunks\[root-of-the-server]__5c98ee35._.js:14934:32)
    at async Module.handler (C:\Users\User\Desktop\farmferry\FarmFerryBackendNew\.next\dev\server\chunks\[root-of-the-server]__5c98ee35._.js:14987:13)
    at async DevServer.renderToResponseWithComponentsImpl (C:\Users\User\Desktop\farmferry\FarmFerryBackendNew\node_modules\next\dist\server\base-server.js:1422:9)
    at async DevServer.renderPageComponent (C:\Users\User\Desktop\farmferry\FarmFerryBackendNew\node_modules\next\dist\server\base-server.js:1474:24)
    at async DevServer.renderToResponseImpl (C:\Users\User\Desktop\farmferry\FarmFerryBackendNew\node_modules\next\dist\server\base-server.js:1524:32)
    at async DevServer.pipeImpl (C:\Users\User\Desktop\farmferry\FarmFerryBackendNew\node_modules\next\dist\server\base-server.js:1018:25)
    at async NextNodeServer.handleCatchallRenderRequest (C:\Users\User\Desktop\farmferry\FarmFerryBackendNew\node_modules\next\dist\server\next-server.js:395:17)
    at async DevServer.handleRequestImpl (C:\Users\User\Desktop\farmferry\FarmFerryBackendNew\node_modules\next\dist\server\base-server.js:909:17)
    at async C:\Users\User\Desktop\farmferry\FarmFerryBackendNew\node_modules\next\dist\server\dev\next-dev-server.js:387:20
    at async Span.traceAsyncFn (C:\Users\User\Desktop\farmferry\FarmFerryBackendNew\node_modules\next\dist\trace\trace.js:157:20)
    at async DevServer.handleRequest (C:\Users\User\Desktop\farmferry\FarmFerryBackendNew\node_modules\next\dist\server\dev\next-dev-server.js:383:24)
    at async invokeRender (C:\Users\User\Desktop\farmferry\FarmFerryBackendNew\node_modules\next\dist\server\lib\router-server.js:248:21)
    at async handleRequest (C:\Users\User\Desktop\farmferry\FarmFerryBackendNew\node_modules\next\dist\server\lib\router-server.js:447:24)
    at async requestHandlerImpl (C:\Users\User\Desktop\farmferry\FarmFerryBackendNew\node_modules\next\dist\server\lib\router-server.js:496:13)
    at async Server.requestListener (C:\Users\User\Desktop\farmferry\FarmFerryBackendNew\node_modules\next\dist\server\lib\start-server.js:226:13)
[2026-01-30T06:43:15.138Z] POST /cart Body: {"productId":"69579384d6474999013ea1b8","quantity":1,"userId":"6967263c2d2951851c61b9c9"} | User: 6967263c2d2951851c61b9c9
[2026-01-30T06:43:15.301Z] ERROR: Cart validation failed: customer: Path `customer` is required., items.0.totalPrice: Path `totalPrice` is required., items.0.product: Path `product` is required.
Stack: ValidationError: Cart validation failed: customer: Path `customer` is required., items.0.totalPrice: Path `totalPrice` is required., items.0.product: Path `product` is required.
    at Document.invalidate (C:\Users\User\Desktop\farmferry\FarmFerryBackendNew\node_modules\mongoose\lib\document.js:3377:32)
    at validatePath (C:\Users\User\Desktop\farmferry\FarmFerryBackendNew\node_modules\mongoose\lib\document.js:3152:13)
    at process.processTicksAndRejections (node:internal/process/task_queues:105:5)
    at async Promise.all (index 0)
    at async model.$__validate (C:\Users\User\Desktop\farmferry\FarmFerryBackendNew\node_modules\mongoose\lib\document.js:3093:3)
    at async model.validate (C:\Users\User\Desktop\farmferry\FarmFerryBackendNew\node_modules\mongoose\lib\document.js:2670:5)
    at async model.validateBeforeSave (C:\Users\User\Desktop\farmferry\FarmFerryBackendNew\node_modules\mongoose\lib\plugins\validateBeforeSave.js:34:7)
    at async Kareem.execPre (C:\Users\User\Desktop\farmferry\FarmFerryBackendNew\node_modules\kareem\index.js:65:24)
    at async model.$__save (C:\Users\User\Desktop\farmferry\FarmFerryBackendNew\node_modules\mongoose\lib\model.js:369:5)
    at async model.save (C:\Users\User\Desktop\farmferry\FarmFerryBackendNew\node_modules\mongoose\lib\model.js:609:5)
    at async POST (C:\Users\User\Desktop\farmferry\FarmFerryBackendNew\.next\dev\server\chunks\[root-of-the-server]__4363d375._.js:1630:13)
    at async AppRouteRouteModule.do (C:\Users\User\Desktop\farmferry\FarmFerryBackendNew\node_modules\next\dist\compiled\next-server\app-route-turbo.runtime.dev.js:5:37866)
    at async AppRouteRouteModule.handle (C:\Users\User\Desktop\farmferry\FarmFerryBackendNew\node_modules\next\dist\compiled\next-server\app-route-turbo.runtime.dev.js:5:45156)
    at async responseGenerator (C:\Users\User\Desktop\farmferry\FarmFerryBackendNew\.next\dev\server\chunks\[root-of-the-server]__5c98ee35._.js:14871:38)
    at async AppRouteRouteModule.handleResponse (C:\Users\User\Desktop\farmferry\FarmFerryBackendNew\node_modules\next\dist\compiled\next-server\app-route-turbo.runtime.dev.js:1:187713)
    at async handleResponse (C:\Users\User\Desktop\farmferry\FarmFerryBackendNew\.next\dev\server\chunks\[root-of-the-server]__5c98ee35._.js:14934:32)
    at async Module.handler (C:\Users\User\Desktop\farmferry\FarmFerryBackendNew\.next\dev\server\chunks\[root-of-the-server]__5c98ee35._.js:14987:13)
    at async DevServer.renderToResponseWithComponentsImpl (C:\Users\User\Desktop\farmferry\FarmFerryBackendNew\node_modules\next\dist\server\base-server.js:1422:9)
    at async DevServer.renderPageComponent (C:\Users\User\Desktop\farmferry\FarmFerryBackendNew\node_modules\next\dist\server\base-server.js:1474:24)
    at async DevServer.renderToResponseImpl (C:\Users\User\Desktop\farmferry\FarmFerryBackendNew\node_modules\next\dist\server\base-server.js:1524:32)
    at async DevServer.pipeImpl (C:\Users\User\Desktop\farmferry\FarmFerryBackendNew\node_modules\next\dist\server\base-server.js:1018:25)
    at async NextNodeServer.handleCatchallRenderRequest (C:\Users\User\Desktop\farmferry\FarmFerryBackendNew\node_modules\next\dist\server\next-server.js:395:17)
    at async DevServer.handleRequestImpl (C:\Users\User\Desktop\farmferry\FarmFerryBackendNew\node_modules\next\dist\server\base-server.js:909:17)
    at async C:\Users\User\Desktop\farmferry\FarmFerryBackendNew\node_modules\next\dist\server\dev\next-dev-server.js:387:20
    at async Span.traceAsyncFn (C:\Users\User\Desktop\farmferry\FarmFerryBackendNew\node_modules\next\dist\trace\trace.js:157:20)
    at async DevServer.handleRequest (C:\Users\User\Desktop\farmferry\FarmFerryBackendNew\node_modules\next\dist\server\dev\next-dev-server.js:383:24)
    at async invokeRender (C:\Users\User\Desktop\farmferry\FarmFerryBackendNew\node_modules\next\dist\server\lib\router-server.js:248:21)
    at async handleRequest (C:\Users\User\Desktop\farmferry\FarmFerryBackendNew\node_modules\next\dist\server\lib\router-server.js:447:24)
    at async requestHandlerImpl (C:\Users\User\Desktop\farmferry\FarmFerryBackendNew\node_modules\next\dist\server\lib\router-server.js:496:13)
    at async Server.requestListener (C:\Users\User\Desktop\farmferry\FarmFerryBackendNew\node_modules\next\dist\server\lib\start-server.js:226:13)
[2026-01-30T07:14:08.464Z] POST /cart Body: {"productId":"69579384d6474999013ea1b8","quantity":1,"userId":"6967263c2d2951851c61b9c9"} | User: 6967263c2d2951851c61b9c9
[2026-01-30T07:14:08.612Z] ERROR: Cart validation failed: customer: Path `customer` is required., items.0.totalPrice: Path `totalPrice` is required., items.0.product: Path `product` is required.
Stack: ValidationError: Cart validation failed: customer: Path `customer` is required., items.0.totalPrice: Path `totalPrice` is required., items.0.product: Path `product` is required.
    at Document.invalidate (C:\Users\User\Desktop\farmferry\FarmFerryBackendNew\node_modules\mongoose\lib\document.js:3377:32)
    at validatePath (C:\Users\User\Desktop\farmferry\FarmFerryBackendNew\node_modules\mongoose\lib\document.js:3152:13)
    at process.processTicksAndRejections (node:internal/process/task_queues:105:5)
    at async Promise.all (index 0)
    at async model.$__validate (C:\Users\User\Desktop\farmferry\FarmFerryBackendNew\node_modules\mongoose\lib\document.js:3093:3)
    at async model.validate (C:\Users\User\Desktop\farmferry\FarmFerryBackendNew\node_modules\mongoose\lib\document.js:2670:5)
    at async model.validateBeforeSave (C:\Users\User\Desktop\farmferry\FarmFerryBackendNew\node_modules\mongoose\lib\plugins\validateBeforeSave.js:34:7)
    at async Kareem.execPre (C:\Users\User\Desktop\farmferry\FarmFerryBackendNew\node_modules\kareem\index.js:65:24)
    at async model.$__save (C:\Users\User\Desktop\farmferry\FarmFerryBackendNew\node_modules\mongoose\lib\model.js:369:5)
    at async model.save (C:\Users\User\Desktop\farmferry\FarmFerryBackendNew\node_modules\mongoose\lib\model.js:609:5)
    at async POST (C:\Users\User\Desktop\farmferry\FarmFerryBackendNew\.next\dev\server\chunks\[root-of-the-server]__4363d375._.js:1630:13)
    at async AppRouteRouteModule.do (C:\Users\User\Desktop\farmferry\FarmFerryBackendNew\node_modules\next\dist\compiled\next-server\app-route-turbo.runtime.dev.js:5:37866)
    at async AppRouteRouteModule.handle (C:\Users\User\Desktop\farmferry\FarmFerryBackendNew\node_modules\next\dist\compiled\next-server\app-route-turbo.runtime.dev.js:5:45156)
    at async responseGenerator (C:\Users\User\Desktop\farmferry\FarmFerryBackendNew\.next\dev\server\chunks\[root-of-the-server]__5c98ee35._.js:14871:38)
    at async AppRouteRouteModule.handleResponse (C:\Users\User\Desktop\farmferry\FarmFerryBackendNew\node_modules\next\dist\compiled\next-server\app-route-turbo.runtime.dev.js:1:187713)
    at async handleResponse (C:\Users\User\Desktop\farmferry\FarmFerryBackendNew\.next\dev\server\chunks\[root-of-the-server]__5c98ee35._.js:14934:32)
    at async Module.handler (C:\Users\User\Desktop\farmferry\FarmFerryBackendNew\.next\dev\server\chunks\[root-of-the-server]__5c98ee35._.js:14987:13)
    at async DevServer.renderToResponseWithComponentsImpl (C:\Users\User\Desktop\farmferry\FarmFerryBackendNew\node_modules\next\dist\server\base-server.js:1422:9)
    at async DevServer.renderPageComponent (C:\Users\User\Desktop\farmferry\FarmFerryBackendNew\node_modules\next\dist\server\base-server.js:1474:24)
    at async DevServer.renderToResponseImpl (C:\Users\User\Desktop\farmferry\FarmFerryBackendNew\node_modules\next\dist\server\base-server.js:1524:32)
    at async DevServer.pipeImpl (C:\Users\User\Desktop\farmferry\FarmFerryBackendNew\node_modules\next\dist\server\base-server.js:1018:25)
    at async NextNodeServer.handleCatchallRenderRequest (C:\Users\User\Desktop\farmferry\FarmFerryBackendNew\node_modules\next\dist\server\next-server.js:395:17)
    at async DevServer.handleRequestImpl (C:\Users\User\Desktop\farmferry\FarmFerryBackendNew\node_modules\next\dist\server\base-server.js:909:17)
    at async C:\Users\User\Desktop\farmferry\FarmFerryBackendNew\node_modules\next\dist\server\dev\next-dev-server.js:387:20
    at async Span.traceAsyncFn (C:\Users\User\Desktop\farmferry\FarmFerryBackendNew\node_modules\next\dist\trace\trace.js:157:20)
    at async DevServer.handleRequest (C:\Users\User\Desktop\farmferry\FarmFerryBackendNew\node_modules\next\dist\server\dev\next-dev-server.js:383:24)
    at async invokeRender (C:\Users\User\Desktop\farmferry\FarmFerryBackendNew\node_modules\next\dist\server\lib\router-server.js:248:21)
    at async handleRequest (C:\Users\User\Desktop\farmferry\FarmFerryBackendNew\node_modules\next\dist\server\lib\router-server.js:447:24)
    at async requestHandlerImpl (C:\Users\User\Desktop\farmferry\FarmFerryBackendNew\node_modules\next\dist\server\lib\router-server.js:496:13)
    at async Server.requestListener (C:\Users\User\Desktop\farmferry\FarmFerryBackendNew\node_modules\next\dist\server\lib\start-server.js:226:13)
[2026-01-30T07:14:19.046Z] POST /cart Body: {"productId":"69579384d6474999013ea1b8","quantity":1,"userId":"6967263c2d2951851c61b9c9"} | User: 6967263c2d2951851c61b9c9
[2026-01-30T07:14:19.181Z] ERROR: Cart validation failed: customer: Path `customer` is required., items.0.totalPrice: Path `totalPrice` is required., items.0.product: Path `product` is required.
Stack: ValidationError: Cart validation failed: customer: Path `customer` is required., items.0.totalPrice: Path `totalPrice` is required., items.0.product: Path `product` is required.
    at Document.invalidate (C:\Users\User\Desktop\farmferry\FarmFerryBackendNew\node_modules\mongoose\lib\document.js:3377:32)
    at validatePath (C:\Users\User\Desktop\farmferry\FarmFerryBackendNew\node_modules\mongoose\lib\document.js:3152:13)
    at process.processTicksAndRejections (node:internal/process/task_queues:105:5)
    at async Promise.all (index 0)
    at async model.$__validate (C:\Users\User\Desktop\farmferry\FarmFerryBackendNew\node_modules\mongoose\lib\document.js:3093:3)
    at async model.validate (C:\Users\User\Desktop\farmferry\FarmFerryBackendNew\node_modules\mongoose\lib\document.js:2670:5)
    at async model.validateBeforeSave (C:\Users\User\Desktop\farmferry\FarmFerryBackendNew\node_modules\mongoose\lib\plugins\validateBeforeSave.js:34:7)
    at async Kareem.execPre (C:\Users\User\Desktop\farmferry\FarmFerryBackendNew\node_modules\kareem\index.js:65:24)
    at async model.$__save (C:\Users\User\Desktop\farmferry\FarmFerryBackendNew\node_modules\mongoose\lib\model.js:369:5)
    at async model.save (C:\Users\User\Desktop\farmferry\FarmFerryBackendNew\node_modules\mongoose\lib\model.js:609:5)
    at async POST (C:\Users\User\Desktop\farmferry\FarmFerryBackendNew\.next\dev\server\chunks\[root-of-the-server]__4363d375._.js:1630:13)
    at async AppRouteRouteModule.do (C:\Users\User\Desktop\farmferry\FarmFerryBackendNew\node_modules\next\dist\compiled\next-server\app-route-turbo.runtime.dev.js:5:37866)
    at async AppRouteRouteModule.handle (C:\Users\User\Desktop\farmferry\FarmFerryBackendNew\node_modules\next\dist\compiled\next-server\app-route-turbo.runtime.dev.js:5:45156)
    at async responseGenerator (C:\Users\User\Desktop\farmferry\FarmFerryBackendNew\.next\dev\server\chunks\[root-of-the-server]__5c98ee35._.js:14871:38)
    at async AppRouteRouteModule.handleResponse (C:\Users\User\Desktop\farmferry\FarmFerryBackendNew\node_modules\next\dist\compiled\next-server\app-route-turbo.runtime.dev.js:1:187713)
    at async handleResponse (C:\Users\User\Desktop\farmferry\FarmFerryBackendNew\.next\dev\server\chunks\[root-of-the-server]__5c98ee35._.js:14934:32)
    at async Module.handler (C:\Users\User\Desktop\farmferry\FarmFerryBackendNew\.next\dev\server\chunks\[root-of-the-server]__5c98ee35._.js:14987:13)
    at async DevServer.renderToResponseWithComponentsImpl (C:\Users\User\Desktop\farmferry\FarmFerryBackendNew\node_modules\next\dist\server\base-server.js:1422:9)
    at async DevServer.renderPageComponent (C:\Users\User\Desktop\farmferry\FarmFerryBackendNew\node_modules\next\dist\server\base-server.js:1474:24)
    at async DevServer.renderToResponseImpl (C:\Users\User\Desktop\farmferry\FarmFerryBackendNew\node_modules\next\dist\server\base-server.js:1524:32)
    at async DevServer.pipeImpl (C:\Users\User\Desktop\farmferry\FarmFerryBackendNew\node_modules\next\dist\server\base-server.js:1018:25)
    at async NextNodeServer.handleCatchallRenderRequest (C:\Users\User\Desktop\farmferry\FarmFerryBackendNew\node_modules\next\dist\server\next-server.js:395:17)
    at async DevServer.handleRequestImpl (C:\Users\User\Desktop\farmferry\FarmFerryBackendNew\node_modules\next\dist\server\base-server.js:909:17)
    at async C:\Users\User\Desktop\farmferry\FarmFerryBackendNew\node_modules\next\dist\server\dev\next-dev-server.js:387:20
    at async Span.traceAsyncFn (C:\Users\User\Desktop\farmferry\FarmFerryBackendNew\node_modules\next\dist\trace\trace.js:157:20)
    at async DevServer.handleRequest (C:\Users\User\Desktop\farmferry\FarmFerryBackendNew\node_modules\next\dist\server\dev\next-dev-server.js:383:24)
    at async invokeRender (C:\Users\User\Desktop\farmferry\FarmFerryBackendNew\node_modules\next\dist\server\lib\router-server.js:248:21)
    at async handleRequest (C:\Users\User\Desktop\farmferry\FarmFerryBackendNew\node_modules\next\dist\server\lib\router-server.js:447:24)
    at async requestHandlerImpl (C:\Users\User\Desktop\farmferry\FarmFerryBackendNew\node_modules\next\dist\server\lib\router-server.js:496:13)
    at async Server.requestListener (C:\Users\User\Desktop\farmferry\FarmFerryBackendNew\node_modules\next\dist\server\lib\start-server.js:226:13)
[2026-01-30T07:18:18.622Z] POST /cart Body: {"productId":"69579384d6474999013ea1b8","quantity":1,"userId":"6967263c2d2951851c61b9c9"} | User: 6967263c2d2951851c61b9c9
[2026-01-30T07:18:18.792Z] ERROR: Cart validation failed: customer: Path `customer` is required., items.0.totalPrice: Path `totalPrice` is required., items.0.product: Path `product` is required.
Stack: ValidationError: Cart validation failed: customer: Path `customer` is required., items.0.totalPrice: Path `totalPrice` is required., items.0.product: Path `product` is required.
    at Document.invalidate (C:\Users\User\Desktop\farmferry\FarmFerryBackendNew\node_modules\mongoose\lib\document.js:3377:32)
    at validatePath (C:\Users\User\Desktop\farmferry\FarmFerryBackendNew\node_modules\mongoose\lib\document.js:3152:13)
    at process.processTicksAndRejections (node:internal/process/task_queues:105:5)
    at async Promise.all (index 0)
    at async model.$__validate (C:\Users\User\Desktop\farmferry\FarmFerryBackendNew\node_modules\mongoose\lib\document.js:3093:3)
    at async model.validate (C:\Users\User\Desktop\farmferry\FarmFerryBackendNew\node_modules\mongoose\lib\document.js:2670:5)
    at async model.validateBeforeSave (C:\Users\User\Desktop\farmferry\FarmFerryBackendNew\node_modules\mongoose\lib\plugins\validateBeforeSave.js:34:7)
    at async Kareem.execPre (C:\Users\User\Desktop\farmferry\FarmFerryBackendNew\node_modules\kareem\index.js:65:24)
    at async model.$__save (C:\Users\User\Desktop\farmferry\FarmFerryBackendNew\node_modules\mongoose\lib\model.js:369:5)
    at async model.save (C:\Users\User\Desktop\farmferry\FarmFerryBackendNew\node_modules\mongoose\lib\model.js:609:5)
    at async POST (C:\Users\User\Desktop\farmferry\FarmFerryBackendNew\.next\dev\server\chunks\[root-of-the-server]__4363d375._.js:1630:13)
    at async AppRouteRouteModule.do (C:\Users\User\Desktop\farmferry\FarmFerryBackendNew\node_modules\next\dist\compiled\next-server\app-route-turbo.runtime.dev.js:5:37866)
    at async AppRouteRouteModule.handle (C:\Users\User\Desktop\farmferry\FarmFerryBackendNew\node_modules\next\dist\compiled\next-server\app-route-turbo.runtime.dev.js:5:45156)
    at async responseGenerator (C:\Users\User\Desktop\farmferry\FarmFerryBackendNew\.next\dev\server\chunks\[root-of-the-server]__5c98ee35._.js:14871:38)
    at async AppRouteRouteModule.handleResponse (C:\Users\User\Desktop\farmferry\FarmFerryBackendNew\node_modules\next\dist\compiled\next-server\app-route-turbo.runtime.dev.js:1:187713)
    at async handleResponse (C:\Users\User\Desktop\farmferry\FarmFerryBackendNew\.next\dev\server\chunks\[root-of-the-server]__5c98ee35._.js:14934:32)
    at async Module.handler (C:\Users\User\Desktop\farmferry\FarmFerryBackendNew\.next\dev\server\chunks\[root-of-the-server]__5c98ee35._.js:14987:13)
    at async DevServer.renderToResponseWithComponentsImpl (C:\Users\User\Desktop\farmferry\FarmFerryBackendNew\node_modules\next\dist\server\base-server.js:1422:9)
    at async DevServer.renderPageComponent (C:\Users\User\Desktop\farmferry\FarmFerryBackendNew\node_modules\next\dist\server\base-server.js:1474:24)
    at async DevServer.renderToResponseImpl (C:\Users\User\Desktop\farmferry\FarmFerryBackendNew\node_modules\next\dist\server\base-server.js:1524:32)
    at async DevServer.pipeImpl (C:\Users\User\Desktop\farmferry\FarmFerryBackendNew\node_modules\next\dist\server\base-server.js:1018:25)
    at async NextNodeServer.handleCatchallRenderRequest (C:\Users\User\Desktop\farmferry\FarmFerryBackendNew\node_modules\next\dist\server\next-server.js:395:17)
    at async DevServer.handleRequestImpl (C:\Users\User\Desktop\farmferry\FarmFerryBackendNew\node_modules\next\dist\server\base-server.js:909:17)
    at async C:\Users\User\Desktop\farmferry\FarmFerryBackendNew\node_modules\next\dist\server\dev\next-dev-server.js:387:20
    at async Span.traceAsyncFn (C:\Users\User\Desktop\farmferry\FarmFerryBackendNew\node_modules\next\dist\trace\trace.js:157:20)
    at async DevServer.handleRequest (C:\Users\User\Desktop\farmferry\FarmFerryBackendNew\node_modules\next\dist\server\dev\next-dev-server.js:383:24)
    at async invokeRender (C:\Users\User\Desktop\farmferry\FarmFerryBackendNew\node_modules\next\dist\server\lib\router-server.js:248:21)
    at async handleRequest (C:\Users\User\Desktop\farmferry\FarmFerryBackendNew\node_modules\next\dist\server\lib\router-server.js:447:24)
    at async requestHandlerImpl (C:\Users\User\Desktop\farmferry\FarmFerryBackendNew\node_modules\next\dist\server\lib\router-server.js:496:13)
    at async Server.requestListener (C:\Users\User\Desktop\farmferry\FarmFerryBackendNew\node_modules\next\dist\server\lib\start-server.js:226:13)
[2026-01-30T07:22:56.402Z] POST /cart Body: {"productId":"69579384d6474999013ea1b8","quantity":1,"userId":"6967263c2d2951851c61b9c9"} | User: 6967263c2d2951851c61b9c9
[2026-01-30T07:22:56.707Z] ERROR: Cart validation failed: customer: Path `customer` is required., items.0.totalPrice: Path `totalPrice` is required., items.0.product: Path `product` is required.
Stack: ValidationError: Cart validation failed: customer: Path `customer` is required., items.0.totalPrice: Path `totalPrice` is required., items.0.product: Path `product` is required.
    at Document.invalidate (C:\Users\User\Desktop\farmferry\FarmFerryBackendNew\node_modules\mongoose\lib\document.js:3377:32)
    at validatePath (C:\Users\User\Desktop\farmferry\FarmFerryBackendNew\node_modules\mongoose\lib\document.js:3152:13)
    at process.processTicksAndRejections (node:internal/process/task_queues:105:5)
    at async Promise.all (index 0)
    at async model.$__validate (C:\Users\User\Desktop\farmferry\FarmFerryBackendNew\node_modules\mongoose\lib\document.js:3093:3)
    at async model.validate (C:\Users\User\Desktop\farmferry\FarmFerryBackendNew\node_modules\mongoose\lib\document.js:2670:5)
    at async model.validateBeforeSave (C:\Users\User\Desktop\farmferry\FarmFerryBackendNew\node_modules\mongoose\lib\plugins\validateBeforeSave.js:34:7)
    at async Kareem.execPre (C:\Users\User\Desktop\farmferry\FarmFerryBackendNew\node_modules\kareem\index.js:65:24)
    at async model.$__save (C:\Users\User\Desktop\farmferry\FarmFerryBackendNew\node_modules\mongoose\lib\model.js:369:5)
    at async model.save (C:\Users\User\Desktop\farmferry\FarmFerryBackendNew\node_modules\mongoose\lib\model.js:609:5)
    at async POST (C:\Users\User\Desktop\farmferry\FarmFerryBackendNew\.next\dev\server\chunks\[root-of-the-server]__4363d375._.js:1630:13)
    at async AppRouteRouteModule.do (C:\Users\User\Desktop\farmferry\FarmFerryBackendNew\node_modules\next\dist\compiled\next-server\app-route-turbo.runtime.dev.js:5:37866)
    at async AppRouteRouteModule.handle (C:\Users\User\Desktop\farmferry\FarmFerryBackendNew\node_modules\next\dist\compiled\next-server\app-route-turbo.runtime.dev.js:5:45156)
    at async responseGenerator (C:\Users\User\Desktop\farmferry\FarmFerryBackendNew\.next\dev\server\chunks\[root-of-the-server]__5c98ee35._.js:14871:38)
    at async AppRouteRouteModule.handleResponse (C:\Users\User\Desktop\farmferry\FarmFerryBackendNew\node_modules\next\dist\compiled\next-server\app-route-turbo.runtime.dev.js:1:187713)
    at async handleResponse (C:\Users\User\Desktop\farmferry\FarmFerryBackendNew\.next\dev\server\chunks\[root-of-the-server]__5c98ee35._.js:14934:32)
    at async Module.handler (C:\Users\User\Desktop\farmferry\FarmFerryBackendNew\.next\dev\server\chunks\[root-of-the-server]__5c98ee35._.js:14987:13)
    at async DevServer.renderToResponseWithComponentsImpl (C:\Users\User\Desktop\farmferry\FarmFerryBackendNew\node_modules\next\dist\server\base-server.js:1422:9)
    at async DevServer.renderPageComponent (C:\Users\User\Desktop\farmferry\FarmFerryBackendNew\node_modules\next\dist\server\base-server.js:1474:24)
    at async DevServer.renderToResponseImpl (C:\Users\User\Desktop\farmferry\FarmFerryBackendNew\node_modules\next\dist\server\base-server.js:1524:32)
    at async DevServer.pipeImpl (C:\Users\User\Desktop\farmferry\FarmFerryBackendNew\node_modules\next\dist\server\base-server.js:1018:25)
    at async NextNodeServer.handleCatchallRenderRequest (C:\Users\User\Desktop\farmferry\FarmFerryBackendNew\node_modules\next\dist\server\next-server.js:395:17)
    at async DevServer.handleRequestImpl (C:\Users\User\Desktop\farmferry\FarmFerryBackendNew\node_modules\next\dist\server\base-server.js:909:17)
    at async C:\Users\User\Desktop\farmferry\FarmFerryBackendNew\node_modules\next\dist\server\dev\next-dev-server.js:387:20
    at async Span.traceAsyncFn (C:\Users\User\Desktop\farmferry\FarmFerryBackendNew\node_modules\next\dist\trace\trace.js:157:20)
    at async DevServer.handleRequest (C:\Users\User\Desktop\farmferry\FarmFerryBackendNew\node_modules\next\dist\server\dev\next-dev-server.js:383:24)
    at async invokeRender (C:\Users\User\Desktop\farmferry\FarmFerryBackendNew\node_modules\next\dist\server\lib\router-server.js:248:21)
    at async handleRequest (C:\Users\User\Desktop\farmferry\FarmFerryBackendNew\node_modules\next\dist\server\lib\router-server.js:447:24)
    at async requestHandlerImpl (C:\Users\User\Desktop\farmferry\FarmFerryBackendNew\node_modules\next\dist\server\lib\router-server.js:496:13)
    at async Server.requestListener (C:\Users\User\Desktop\farmferry\FarmFerryBackendNew\node_modules\next\dist\server\lib\start-server.js:226:13)
[2026-01-30T07:22:57.465Z] POST /cart Body: {"productId":"69579384d6474999013ea1b8","quantity":1,"userId":"6967263c2d2951851c61b9c9"} | User: 6967263c2d2951851c61b9c9
[2026-01-30T07:22:57.597Z] ERROR: Cart validation failed: customer: Path `customer` is required., items.0.totalPrice: Path `totalPrice` is required., items.0.product: Path `product` is required.
Stack: ValidationError: Cart validation failed: customer: Path `customer` is required., items.0.totalPrice: Path `totalPrice` is required., items.0.product: Path `product` is required.
    at Document.invalidate (C:\Users\User\Desktop\farmferry\FarmFerryBackendNew\node_modules\mongoose\lib\document.js:3377:32)
    at validatePath (C:\Users\User\Desktop\farmferry\FarmFerryBackendNew\node_modules\mongoose\lib\document.js:3152:13)
    at process.processTicksAndRejections (node:internal/process/task_queues:105:5)
    at async Promise.all (index 0)
    at async model.$__validate (C:\Users\User\Desktop\farmferry\FarmFerryBackendNew\node_modules\mongoose\lib\document.js:3093:3)
    at async model.validate (C:\Users\User\Desktop\farmferry\FarmFerryBackendNew\node_modules\mongoose\lib\document.js:2670:5)
    at async model.validateBeforeSave (C:\Users\User\Desktop\farmferry\FarmFerryBackendNew\node_modules\mongoose\lib\plugins\validateBeforeSave.js:34:7)
    at async Kareem.execPre (C:\Users\User\Desktop\farmferry\FarmFerryBackendNew\node_modules\kareem\index.js:65:24)
    at async model.$__save (C:\Users\User\Desktop\farmferry\FarmFerryBackendNew\node_modules\mongoose\lib\model.js:369:5)
    at async model.save (C:\Users\User\Desktop\farmferry\FarmFerryBackendNew\node_modules\mongoose\lib\model.js:609:5)
    at async POST (C:\Users\User\Desktop\farmferry\FarmFerryBackendNew\.next\dev\server\chunks\[root-of-the-server]__4363d375._.js:1630:13)
    at async AppRouteRouteModule.do (C:\Users\User\Desktop\farmferry\FarmFerryBackendNew\node_modules\next\dist\compiled\next-server\app-route-turbo.runtime.dev.js:5:37866)
    at async AppRouteRouteModule.handle (C:\Users\User\Desktop\farmferry\FarmFerryBackendNew\node_modules\next\dist\compiled\next-server\app-route-turbo.runtime.dev.js:5:45156)
    at async responseGenerator (C:\Users\User\Desktop\farmferry\FarmFerryBackendNew\.next\dev\server\chunks\[root-of-the-server]__5c98ee35._.js:14871:38)
    at async AppRouteRouteModule.handleResponse (C:\Users\User\Desktop\farmferry\FarmFerryBackendNew\node_modules\next\dist\compiled\next-server\app-route-turbo.runtime.dev.js:1:187713)
    at async handleResponse (C:\Users\User\Desktop\farmferry\FarmFerryBackendNew\.next\dev\server\chunks\[root-of-the-server]__5c98ee35._.js:14934:32)
    at async Module.handler (C:\Users\User\Desktop\farmferry\FarmFerryBackendNew\.next\dev\server\chunks\[root-of-the-server]__5c98ee35._.js:14987:13)
    at async DevServer.renderToResponseWithComponentsImpl (C:\Users\User\Desktop\farmferry\FarmFerryBackendNew\node_modules\next\dist\server\base-server.js:1422:9)
    at async DevServer.renderPageComponent (C:\Users\User\Desktop\farmferry\FarmFerryBackendNew\node_modules\next\dist\server\base-server.js:1474:24)
    at async DevServer.renderToResponseImpl (C:\Users\User\Desktop\farmferry\FarmFerryBackendNew\node_modules\next\dist\server\base-server.js:1524:32)
    at async DevServer.pipeImpl (C:\Users\User\Desktop\farmferry\FarmFerryBackendNew\node_modules\next\dist\server\base-server.js:1018:25)
    at async NextNodeServer.handleCatchallRenderRequest (C:\Users\User\Desktop\farmferry\FarmFerryBackendNew\node_modules\next\dist\server\next-server.js:395:17)
    at async DevServer.handleRequestImpl (C:\Users\User\Desktop\farmferry\FarmFerryBackendNew\node_modules\next\dist\server\base-server.js:909:17)
    at async C:\Users\User\Desktop\farmferry\FarmFerryBackendNew\node_modules\next\dist\server\dev\next-dev-server.js:387:20
    at async Span.traceAsyncFn (C:\Users\User\Desktop\farmferry\FarmFerryBackendNew\node_modules\next\dist\trace\trace.js:157:20)
    at async DevServer.handleRequest (C:\Users\User\Desktop\farmferry\FarmFerryBackendNew\node_modules\next\dist\server\dev\next-dev-server.js:383:24)
    at async invokeRender (C:\Users\User\Desktop\farmferry\FarmFerryBackendNew\node_modules\next\dist\server\lib\router-server.js:248:21)
    at async handleRequest (C:\Users\User\Desktop\farmferry\FarmFerryBackendNew\node_modules\next\dist\server\lib\router-server.js:447:24)
    at async requestHandlerImpl (C:\Users\User\Desktop\farmferry\FarmFerryBackendNew\node_modules\next\dist\server\lib\router-server.js:496:13)
    at async Server.requestListener (C:\Users\User\Desktop\farmferry\FarmFerryBackendNew\node_modules\next\dist\server\lib\start-server.js:226:13)
[2026-01-30T07:23:12.787Z] POST /cart Body: {"productId":"69579384d6474999013ea1b8","quantity":1,"userId":"6967263c2d2951851c61b9c9"} | User: 6967263c2d2951851c61b9c9
[2026-01-30T07:23:12.951Z] ERROR: Cart validation failed: customer: Path `customer` is required., items.0.totalPrice: Path `totalPrice` is required., items.0.product: Path `product` is required.
Stack: ValidationError: Cart validation failed: customer: Path `customer` is required., items.0.totalPrice: Path `totalPrice` is required., items.0.product: Path `product` is required.
    at Document.invalidate (C:\Users\User\Desktop\farmferry\FarmFerryBackendNew\node_modules\mongoose\lib\document.js:3377:32)
    at validatePath (C:\Users\User\Desktop\farmferry\FarmFerryBackendNew\node_modules\mongoose\lib\document.js:3152:13)
    at process.processTicksAndRejections (node:internal/process/task_queues:105:5)
    at async Promise.all (index 0)
    at async model.$__validate (C:\Users\User\Desktop\farmferry\FarmFerryBackendNew\node_modules\mongoose\lib\document.js:3093:3)
    at async model.validate (C:\Users\User\Desktop\farmferry\FarmFerryBackendNew\node_modules\mongoose\lib\document.js:2670:5)
    at async model.validateBeforeSave (C:\Users\User\Desktop\farmferry\FarmFerryBackendNew\node_modules\mongoose\lib\plugins\validateBeforeSave.js:34:7)
    at async Kareem.execPre (C:\Users\User\Desktop\farmferry\FarmFerryBackendNew\node_modules\kareem\index.js:65:24)
    at async model.$__save (C:\Users\User\Desktop\farmferry\FarmFerryBackendNew\node_modules\mongoose\lib\model.js:369:5)
    at async model.save (C:\Users\User\Desktop\farmferry\FarmFerryBackendNew\node_modules\mongoose\lib\model.js:609:5)
    at async POST (C:\Users\User\Desktop\farmferry\FarmFerryBackendNew\.next\dev\server\chunks\[root-of-the-server]__4363d375._.js:1630:13)
    at async AppRouteRouteModule.do (C:\Users\User\Desktop\farmferry\FarmFerryBackendNew\node_modules\next\dist\compiled\next-server\app-route-turbo.runtime.dev.js:5:37866)
    at async AppRouteRouteModule.handle (C:\Users\User\Desktop\farmferry\FarmFerryBackendNew\node_modules\next\dist\compiled\next-server\app-route-turbo.runtime.dev.js:5:45156)
    at async responseGenerator (C:\Users\User\Desktop\farmferry\FarmFerryBackendNew\.next\dev\server\chunks\[root-of-the-server]__5c98ee35._.js:14871:38)
    at async AppRouteRouteModule.handleResponse (C:\Users\User\Desktop\farmferry\FarmFerryBackendNew\node_modules\next\dist\compiled\next-server\app-route-turbo.runtime.dev.js:1:187713)
    at async handleResponse (C:\Users\User\Desktop\farmferry\FarmFerryBackendNew\.next\dev\server\chunks\[root-of-the-server]__5c98ee35._.js:14934:32)
    at async Module.handler (C:\Users\User\Desktop\farmferry\FarmFerryBackendNew\.next\dev\server\chunks\[root-of-the-server]__5c98ee35._.js:14987:13)
    at async DevServer.renderToResponseWithComponentsImpl (C:\Users\User\Desktop\farmferry\FarmFerryBackendNew\node_modules\next\dist\server\base-server.js:1422:9)
    at async DevServer.renderPageComponent (C:\Users\User\Desktop\farmferry\FarmFerryBackendNew\node_modules\next\dist\server\base-server.js:1474:24)
    at async DevServer.renderToResponseImpl (C:\Users\User\Desktop\farmferry\FarmFerryBackendNew\node_modules\next\dist\server\base-server.js:1524:32)
    at async DevServer.pipeImpl (C:\Users\User\Desktop\farmferry\FarmFerryBackendNew\node_modules\next\dist\server\base-server.js:1018:25)
    at async NextNodeServer.handleCatchallRenderRequest (C:\Users\User\Desktop\farmferry\FarmFerryBackendNew\node_modules\next\dist\server\next-server.js:395:17)
    at async DevServer.handleRequestImpl (C:\Users\User\Desktop\farmferry\FarmFerryBackendNew\node_modules\next\dist\server\base-server.js:909:17)
    at async C:\Users\User\Desktop\farmferry\FarmFerryBackendNew\node_modules\next\dist\server\dev\next-dev-server.js:387:20
    at async Span.traceAsyncFn (C:\Users\User\Desktop\farmferry\FarmFerryBackendNew\node_modules\next\dist\trace\trace.js:157:20)
    at async DevServer.handleRequest (C:\Users\User\Desktop\farmferry\FarmFerryBackendNew\node_modules\next\dist\server\dev\next-dev-server.js:383:24)
    at async invokeRender (C:\Users\User\Desktop\farmferry\FarmFerryBackendNew\node_modules\next\dist\server\lib\router-server.js:248:21)
    at async handleRequest (C:\Users\User\Desktop\farmferry\FarmFerryBackendNew\node_modules\next\dist\server\lib\router-server.js:447:24)
    at async requestHandlerImpl (C:\Users\User\Desktop\farmferry\FarmFerryBackendNew\node_modules\next\dist\server\lib\router-server.js:496:13)
    at async Server.requestListener (C:\Users\User\Desktop\farmferry\FarmFerryBackendNew\node_modules\next\dist\server\lib\start-server.js:226:13)
[2026-01-30T07:23:13.813Z] POST /cart Body: {"productId":"69579384d6474999013ea1b8","quantity":1,"userId":"6967263c2d2951851c61b9c9"} | User: 6967263c2d2951851c61b9c9
[2026-01-30T07:23:13.841Z] POST /cart Body: {"productId":"69579384d6474999013ea1b8","quantity":1,"userId":"6967263c2d2951851c61b9c9"} | User: 6967263c2d2951851c61b9c9
[2026-01-30T07:23:13.974Z] ERROR: Cart validation failed: customer: Path `customer` is required., items.0.totalPrice: Path `totalPrice` is required., items.0.product: Path `product` is required.
Stack: ValidationError: Cart validation failed: customer: Path `customer` is required., items.0.totalPrice: Path `totalPrice` is required., items.0.product: Path `product` is required.
    at Document.invalidate (C:\Users\User\Desktop\farmferry\FarmFerryBackendNew\node_modules\mongoose\lib\document.js:3377:32)
    at validatePath (C:\Users\User\Desktop\farmferry\FarmFerryBackendNew\node_modules\mongoose\lib\document.js:3152:13)
    at process.processTicksAndRejections (node:internal/process/task_queues:105:5)
    at async Promise.all (index 0)
    at async model.$__validate (C:\Users\User\Desktop\farmferry\FarmFerryBackendNew\node_modules\mongoose\lib\document.js:3093:3)
    at async model.validate (C:\Users\User\Desktop\farmferry\FarmFerryBackendNew\node_modules\mongoose\lib\document.js:2670:5)
    at async model.validateBeforeSave (C:\Users\User\Desktop\farmferry\FarmFerryBackendNew\node_modules\mongoose\lib\plugins\validateBeforeSave.js:34:7)
    at async Kareem.execPre (C:\Users\User\Desktop\farmferry\FarmFerryBackendNew\node_modules\kareem\index.js:65:24)
    at async model.$__save (C:\Users\User\Desktop\farmferry\FarmFerryBackendNew\node_modules\mongoose\lib\model.js:369:5)
    at async model.save (C:\Users\User\Desktop\farmferry\FarmFerryBackendNew\node_modules\mongoose\lib\model.js:609:5)
    at async POST (C:\Users\User\Desktop\farmferry\FarmFerryBackendNew\.next\dev\server\chunks\[root-of-the-server]__4363d375._.js:1630:13)
    at async AppRouteRouteModule.do (C:\Users\User\Desktop\farmferry\FarmFerryBackendNew\node_modules\next\dist\compiled\next-server\app-route-turbo.runtime.dev.js:5:37866)
    at async AppRouteRouteModule.handle (C:\Users\User\Desktop\farmferry\FarmFerryBackendNew\node_modules\next\dist\compiled\next-server\app-route-turbo.runtime.dev.js:5:45156)
    at async responseGenerator (C:\Users\User\Desktop\farmferry\FarmFerryBackendNew\.next\dev\server\chunks\[root-of-the-server]__5c98ee35._.js:14871:38)
    at async AppRouteRouteModule.handleResponse (C:\Users\User\Desktop\farmferry\FarmFerryBackendNew\node_modules\next\dist\compiled\next-server\app-route-turbo.runtime.dev.js:1:187713)
    at async handleResponse (C:\Users\User\Desktop\farmferry\FarmFerryBackendNew\.next\dev\server\chunks\[root-of-the-server]__5c98ee35._.js:14934:32)
    at async Module.handler (C:\Users\User\Desktop\farmferry\FarmFerryBackendNew\.next\dev\server\chunks\[root-of-the-server]__5c98ee35._.js:14987:13)
    at async DevServer.renderToResponseWithComponentsImpl (C:\Users\User\Desktop\farmferry\FarmFerryBackendNew\node_modules\next\dist\server\base-server.js:1422:9)
    at async DevServer.renderPageComponent (C:\Users\User\Desktop\farmferry\FarmFerryBackendNew\node_modules\next\dist\server\base-server.js:1474:24)
    at async DevServer.renderToResponseImpl (C:\Users\User\Desktop\farmferry\FarmFerryBackendNew\node_modules\next\dist\server\base-server.js:1524:32)
    at async DevServer.pipeImpl (C:\Users\User\Desktop\farmferry\FarmFerryBackendNew\node_modules\next\dist\server\base-server.js:1018:25)
    at async NextNodeServer.handleCatchallRenderRequest (C:\Users\User\Desktop\farmferry\FarmFerryBackendNew\node_modules\next\dist\server\next-server.js:395:17)
    at async DevServer.handleRequestImpl (C:\Users\User\Desktop\farmferry\FarmFerryBackendNew\node_modules\next\dist\server\base-server.js:909:17)
    at async C:\Users\User\Desktop\farmferry\FarmFerryBackendNew\node_modules\next\dist\server\dev\next-dev-server.js:387:20
    at async Span.traceAsyncFn (C:\Users\User\Desktop\farmferry\FarmFerryBackendNew\node_modules\next\dist\trace\trace.js:157:20)
    at async DevServer.handleRequest (C:\Users\User\Desktop\farmferry\FarmFerryBackendNew\node_modules\next\dist\server\dev\next-dev-server.js:383:24)
    at async invokeRender (C:\Users\User\Desktop\farmferry\FarmFerryBackendNew\node_modules\next\dist\server\lib\router-server.js:248:21)
    at async handleRequest (C:\Users\User\Desktop\farmferry\FarmFerryBackendNew\node_modules\next\dist\server\lib\router-server.js:447:24)
    at async requestHandlerImpl (C:\Users\User\Desktop\farmferry\FarmFerryBackendNew\node_modules\next\dist\server\lib\router-server.js:496:13)
    at async Server.requestListener (C:\Users\User\Desktop\farmferry\FarmFerryBackendNew\node_modules\next\dist\server\lib\start-server.js:226:13)
[2026-01-30T07:23:14.707Z] ERROR: Cart validation failed: customer: Path `customer` is required., items.0.totalPrice: Path `totalPrice` is required., items.0.product: Path `product` is required.
Stack: ValidationError: Cart validation failed: customer: Path `customer` is required., items.0.totalPrice: Path `totalPrice` is required., items.0.product: Path `product` is required.
    at Document.invalidate (C:\Users\User\Desktop\farmferry\FarmFerryBackendNew\node_modules\mongoose\lib\document.js:3377:32)
    at validatePath (C:\Users\User\Desktop\farmferry\FarmFerryBackendNew\node_modules\mongoose\lib\document.js:3152:13)
    at process.processTicksAndRejections (node:internal/process/task_queues:105:5)
    at async Promise.all (index 0)
    at async model.$__validate (C:\Users\User\Desktop\farmferry\FarmFerryBackendNew\node_modules\mongoose\lib\document.js:3093:3)
    at async model.validate (C:\Users\User\Desktop\farmferry\FarmFerryBackendNew\node_modules\mongoose\lib\document.js:2670:5)
    at async model.validateBeforeSave (C:\Users\User\Desktop\farmferry\FarmFerryBackendNew\node_modules\mongoose\lib\plugins\validateBeforeSave.js:34:7)
    at async Kareem.execPre (C:\Users\User\Desktop\farmferry\FarmFerryBackendNew\node_modules\kareem\index.js:65:24)
    at async model.$__save (C:\Users\User\Desktop\farmferry\FarmFerryBackendNew\node_modules\mongoose\lib\model.js:369:5)
    at async model.save (C:\Users\User\Desktop\farmferry\FarmFerryBackendNew\node_modules\mongoose\lib\model.js:609:5)
    at async POST (C:\Users\User\Desktop\farmferry\FarmFerryBackendNew\.next\dev\server\chunks\[root-of-the-server]__4363d375._.js:1630:13)
    at async AppRouteRouteModule.do (C:\Users\User\Desktop\farmferry\FarmFerryBackendNew\node_modules\next\dist\compiled\next-server\app-route-turbo.runtime.dev.js:5:37866)
    at async AppRouteRouteModule.handle (C:\Users\User\Desktop\farmferry\FarmFerryBackendNew\node_modules\next\dist\compiled\next-server\app-route-turbo.runtime.dev.js:5:45156)
    at async responseGenerator (C:\Users\User\Desktop\farmferry\FarmFerryBackendNew\.next\dev\server\chunks\[root-of-the-server]__5c98ee35._.js:14871:38)
    at async AppRouteRouteModule.handleResponse (C:\Users\User\Desktop\farmferry\FarmFerryBackendNew\node_modules\next\dist\compiled\next-server\app-route-turbo.runtime.dev.js:1:187713)
    at async handleResponse (C:\Users\User\Desktop\farmferry\FarmFerryBackendNew\.next\dev\server\chunks\[root-of-the-server]__5c98ee35._.js:14934:32)
    at async Module.handler (C:\Users\User\Desktop\farmferry\FarmFerryBackendNew\.next\dev\server\chunks\[root-of-the-server]__5c98ee35._.js:14987:13)
    at async DevServer.renderToResponseWithComponentsImpl (C:\Users\User\Desktop\farmferry\FarmFerryBackendNew\node_modules\next\dist\server\base-server.js:1422:9)
    at async DevServer.renderPageComponent (C:\Users\User\Desktop\farmferry\FarmFerryBackendNew\node_modules\next\dist\server\base-server.js:1474:24)
    at async DevServer.renderToResponseImpl (C:\Users\User\Desktop\farmferry\FarmFerryBackendNew\node_modules\next\dist\server\base-server.js:1524:32)
    at async DevServer.pipeImpl (C:\Users\User\Desktop\farmferry\FarmFerryBackendNew\node_modules\next\dist\server\base-server.js:1018:25)
    at async NextNodeServer.handleCatchallRenderRequest (C:\Users\User\Desktop\farmferry\FarmFerryBackendNew\node_modules\next\dist\server\next-server.js:395:17)
    at async DevServer.handleRequestImpl (C:\Users\User\Desktop\farmferry\FarmFerryBackendNew\node_modules\next\dist\server\base-server.js:909:17)
    at async C:\Users\User\Desktop\farmferry\FarmFerryBackendNew\node_modules\next\dist\server\dev\next-dev-server.js:387:20
    at async Span.traceAsyncFn (C:\Users\User\Desktop\farmferry\FarmFerryBackendNew\node_modules\next\dist\trace\trace.js:157:20)
    at async DevServer.handleRequest (C:\Users\User\Desktop\farmferry\FarmFerryBackendNew\node_modules\next\dist\server\dev\next-dev-server.js:383:24)
    at async invokeRender (C:\Users\User\Desktop\farmferry\FarmFerryBackendNew\node_modules\next\dist\server\lib\router-server.js:248:21)
    at async handleRequest (C:\Users\User\Desktop\farmferry\FarmFerryBackendNew\node_modules\next\dist\server\lib\router-server.js:447:24)
    at async requestHandlerImpl (C:\Users\User\Desktop\farmferry\FarmFerryBackendNew\node_modules\next\dist\server\lib\router-server.js:496:13)
    at async Server.requestListener (C:\Users\User\Desktop\farmferry\FarmFerryBackendNew\node_modules\next\dist\server\lib\start-server.js:226:13)
[2026-01-30T07:23:44.987Z] POST /cart Body: {"productId":"69579384d6474999013ea1b8","quantity":1,"userId":"6967263c2d2951851c61b9c9"} | User: 6967263c2d2951851c61b9c9
[2026-01-30T07:23:45.131Z] ERROR: Cart validation failed: customer: Path `customer` is required., items.0.totalPrice: Path `totalPrice` is required., items.0.product: Path `product` is required.
Stack: ValidationError: Cart validation failed: customer: Path `customer` is required., items.0.totalPrice: Path `totalPrice` is required., items.0.product: Path `product` is required.
    at Document.invalidate (C:\Users\User\Desktop\farmferry\FarmFerryBackendNew\node_modules\mongoose\lib\document.js:3377:32)
    at validatePath (C:\Users\User\Desktop\farmferry\FarmFerryBackendNew\node_modules\mongoose\lib\document.js:3152:13)
    at process.processTicksAndRejections (node:internal/process/task_queues:105:5)
    at async Promise.all (index 0)
    at async model.$__validate (C:\Users\User\Desktop\farmferry\FarmFerryBackendNew\node_modules\mongoose\lib\document.js:3093:3)
    at async model.validate (C:\Users\User\Desktop\farmferry\FarmFerryBackendNew\node_modules\mongoose\lib\document.js:2670:5)
    at async model.validateBeforeSave (C:\Users\User\Desktop\farmferry\FarmFerryBackendNew\node_modules\mongoose\lib\plugins\validateBeforeSave.js:34:7)
    at async Kareem.execPre (C:\Users\User\Desktop\farmferry\FarmFerryBackendNew\node_modules\kareem\index.js:65:24)
    at async model.$__save (C:\Users\User\Desktop\farmferry\FarmFerryBackendNew\node_modules\mongoose\lib\model.js:369:5)
    at async model.save (C:\Users\User\Desktop\farmferry\FarmFerryBackendNew\node_modules\mongoose\lib\model.js:609:5)
    at async POST (C:\Users\User\Desktop\farmferry\FarmFerryBackendNew\.next\dev\server\chunks\[root-of-the-server]__4363d375._.js:1630:13)
    at async AppRouteRouteModule.do (C:\Users\User\Desktop\farmferry\FarmFerryBackendNew\node_modules\next\dist\compiled\next-server\app-route-turbo.runtime.dev.js:5:37866)
    at async AppRouteRouteModule.handle (C:\Users\User\Desktop\farmferry\FarmFerryBackendNew\node_modules\next\dist\compiled\next-server\app-route-turbo.runtime.dev.js:5:45156)
    at async responseGenerator (C:\Users\User\Desktop\farmferry\FarmFerryBackendNew\.next\dev\server\chunks\[root-of-the-server]__5c98ee35._.js:14871:38)
    at async AppRouteRouteModule.handleResponse (C:\Users\User\Desktop\farmferry\FarmFerryBackendNew\node_modules\next\dist\compiled\next-server\app-route-turbo.runtime.dev.js:1:187713)
    at async handleResponse (C:\Users\User\Desktop\farmferry\FarmFerryBackendNew\.next\dev\server\chunks\[root-of-the-server]__5c98ee35._.js:14934:32)
    at async Module.handler (C:\Users\User\Desktop\farmferry\FarmFerryBackendNew\.next\dev\server\chunks\[root-of-the-server]__5c98ee35._.js:14987:13)
    at async DevServer.renderToResponseWithComponentsImpl (C:\Users\User\Desktop\farmferry\FarmFerryBackendNew\node_modules\next\dist\server\base-server.js:1422:9)
    at async DevServer.renderPageComponent (C:\Users\User\Desktop\farmferry\FarmFerryBackendNew\node_modules\next\dist\server\base-server.js:1474:24)
    at async DevServer.renderToResponseImpl (C:\Users\User\Desktop\farmferry\FarmFerryBackendNew\node_modules\next\dist\server\base-server.js:1524:32)
    at async DevServer.pipeImpl (C:\Users\User\Desktop\farmferry\FarmFerryBackendNew\node_modules\next\dist\server\base-server.js:1018:25)
    at async NextNodeServer.handleCatchallRenderRequest (C:\Users\User\Desktop\farmferry\FarmFerryBackendNew\node_modules\next\dist\server\next-server.js:395:17)
    at async DevServer.handleRequestImpl (C:\Users\User\Desktop\farmferry\FarmFerryBackendNew\node_modules\next\dist\server\base-server.js:909:17)
    at async C:\Users\User\Desktop\farmferry\FarmFerryBackendNew\node_modules\next\dist\server\dev\next-dev-server.js:387:20
    at async Span.traceAsyncFn (C:\Users\User\Desktop\farmferry\FarmFerryBackendNew\node_modules\next\dist\trace\trace.js:157:20)
    at async DevServer.handleRequest (C:\Users\User\Desktop\farmferry\FarmFerryBackendNew\node_modules\next\dist\server\dev\next-dev-server.js:383:24)
    at async invokeRender (C:\Users\User\Desktop\farmferry\FarmFerryBackendNew\node_modules\next\dist\server\lib\router-server.js:248:21)
    at async handleRequest (C:\Users\User\Desktop\farmferry\FarmFerryBackendNew\node_modules\next\dist\server\lib\router-server.js:447:24)
    at async requestHandlerImpl (C:\Users\User\Desktop\farmferry\FarmFerryBackendNew\node_modules\next\dist\server\lib\router-server.js:496:13)
    at async Server.requestListener (C:\Users\User\Desktop\farmferry\FarmFerryBackendNew\node_modules\next\dist\server\lib\start-server.js:226:13)
[2026-01-30T07:23:46.171Z] POST /cart Body: {"productId":"69579384d6474999013ea1b8","quantity":1,"userId":"6967263c2d2951851c61b9c9"} | User: 6967263c2d2951851c61b9c9
[2026-01-30T07:23:46.224Z] POST /cart Body: {"productId":"69579384d6474999013ea1b8","quantity":1,"userId":"6967263c2d2951851c61b9c9"} | User: 6967263c2d2951851c61b9c9
[2026-01-30T07:23:46.387Z] ERROR: Cart validation failed: customer: Path `customer` is required., items.0.totalPrice: Path `totalPrice` is required., items.0.product: Path `product` is required.
Stack: ValidationError: Cart validation failed: customer: Path `customer` is required., items.0.totalPrice: Path `totalPrice` is required., items.0.product: Path `product` is required.
    at Document.invalidate (C:\Users\User\Desktop\farmferry\FarmFerryBackendNew\node_modules\mongoose\lib\document.js:3377:32)
    at validatePath (C:\Users\User\Desktop\farmferry\FarmFerryBackendNew\node_modules\mongoose\lib\document.js:3152:13)
    at process.processTicksAndRejections (node:internal/process/task_queues:105:5)
    at async Promise.all (index 0)
    at async model.$__validate (C:\Users\User\Desktop\farmferry\FarmFerryBackendNew\node_modules\mongoose\lib\document.js:3093:3)
    at async model.validate (C:\Users\User\Desktop\farmferry\FarmFerryBackendNew\node_modules\mongoose\lib\document.js:2670:5)
    at async model.validateBeforeSave (C:\Users\User\Desktop\farmferry\FarmFerryBackendNew\node_modules\mongoose\lib\plugins\validateBeforeSave.js:34:7)
    at async Kareem.execPre (C:\Users\User\Desktop\farmferry\FarmFerryBackendNew\node_modules\kareem\index.js:65:24)
    at async model.$__save (C:\Users\User\Desktop\farmferry\FarmFerryBackendNew\node_modules\mongoose\lib\model.js:369:5)
    at async model.save (C:\Users\User\Desktop\farmferry\FarmFerryBackendNew\node_modules\mongoose\lib\model.js:609:5)
    at async POST (C:\Users\User\Desktop\farmferry\FarmFerryBackendNew\.next\dev\server\chunks\[root-of-the-server]__4363d375._.js:1630:13)
    at async AppRouteRouteModule.do (C:\Users\User\Desktop\farmferry\FarmFerryBackendNew\node_modules\next\dist\compiled\next-server\app-route-turbo.runtime.dev.js:5:37866)
    at async AppRouteRouteModule.handle (C:\Users\User\Desktop\farmferry\FarmFerryBackendNew\node_modules\next\dist\compiled\next-server\app-route-turbo.runtime.dev.js:5:45156)
    at async responseGenerator (C:\Users\User\Desktop\farmferry\FarmFerryBackendNew\.next\dev\server\chunks\[root-of-the-server]__5c98ee35._.js:14871:38)
    at async AppRouteRouteModule.handleResponse (C:\Users\User\Desktop\farmferry\FarmFerryBackendNew\node_modules\next\dist\compiled\next-server\app-route-turbo.runtime.dev.js:1:187713)
    at async handleResponse (C:\Users\User\Desktop\farmferry\FarmFerryBackendNew\.next\dev\server\chunks\[root-of-the-server]__5c98ee35._.js:14934:32)
    at async Module.handler (C:\Users\User\Desktop\farmferry\FarmFerryBackendNew\.next\dev\server\chunks\[root-of-the-server]__5c98ee35._.js:14987:13)
    at async DevServer.renderToResponseWithComponentsImpl (C:\Users\User\Desktop\farmferry\FarmFerryBackendNew\node_modules\next\dist\server\base-server.js:1422:9)
    at async DevServer.renderPageComponent (C:\Users\User\Desktop\farmferry\FarmFerryBackendNew\node_modules\next\dist\server\base-server.js:1474:24)
    at async DevServer.renderToResponseImpl (C:\Users\User\Desktop\farmferry\FarmFerryBackendNew\node_modules\next\dist\server\base-server.js:1524:32)
    at async DevServer.pipeImpl (C:\Users\User\Desktop\farmferry\FarmFerryBackendNew\node_modules\next\dist\server\base-server.js:1018:25)
    at async NextNodeServer.handleCatchallRenderRequest (C:\Users\User\Desktop\farmferry\FarmFerryBackendNew\node_modules\next\dist\server\next-server.js:395:17)
    at async DevServer.handleRequestImpl (C:\Users\User\Desktop\farmferry\FarmFerryBackendNew\node_modules\next\dist\server\base-server.js:909:17)
    at async C:\Users\User\Desktop\farmferry\FarmFerryBackendNew\node_modules\next\dist\server\dev\next-dev-server.js:387:20
    at async Span.traceAsyncFn (C:\Users\User\Desktop\farmferry\FarmFerryBackendNew\node_modules\next\dist\trace\trace.js:157:20)
    at async DevServer.handleRequest (C:\Users\User\Desktop\farmferry\FarmFerryBackendNew\node_modules\next\dist\server\dev\next-dev-server.js:383:24)
    at async invokeRender (C:\Users\User\Desktop\farmferry\FarmFerryBackendNew\node_modules\next\dist\server\lib\router-server.js:248:21)
    at async handleRequest (C:\Users\User\Desktop\farmferry\FarmFerryBackendNew\node_modules\next\dist\server\lib\router-server.js:447:24)
    at async requestHandlerImpl (C:\Users\User\Desktop\farmferry\FarmFerryBackendNew\node_modules\next\dist\server\lib\router-server.js:496:13)
    at async Server.requestListener (C:\Users\User\Desktop\farmferry\FarmFerryBackendNew\node_modules\next\dist\server\lib\start-server.js:226:13)
[2026-01-30T07:23:47.530Z] ERROR: Cart validation failed: customer: Path `customer` is required., items.0.totalPrice: Path `totalPrice` is required., items.0.product: Path `product` is required.
Stack: ValidationError: Cart validation failed: customer: Path `customer` is required., items.0.totalPrice: Path `totalPrice` is required., items.0.product: Path `product` is required.
    at Document.invalidate (C:\Users\User\Desktop\farmferry\FarmFerryBackendNew\node_modules\mongoose\lib\document.js:3377:32)
    at validatePath (C:\Users\User\Desktop\farmferry\FarmFerryBackendNew\node_modules\mongoose\lib\document.js:3152:13)
    at process.processTicksAndRejections (node:internal/process/task_queues:105:5)
    at async Promise.all (index 0)
    at async model.$__validate (C:\Users\User\Desktop\farmferry\FarmFerryBackendNew\node_modules\mongoose\lib\document.js:3093:3)
    at async model.validate (C:\Users\User\Desktop\farmferry\FarmFerryBackendNew\node_modules\mongoose\lib\document.js:2670:5)
    at async model.validateBeforeSave (C:\Users\User\Desktop\farmferry\FarmFerryBackendNew\node_modules\mongoose\lib\plugins\validateBeforeSave.js:34:7)
    at async Kareem.execPre (C:\Users\User\Desktop\farmferry\FarmFerryBackendNew\node_modules\kareem\index.js:65:24)
    at async model.$__save (C:\Users\User\Desktop\farmferry\FarmFerryBackendNew\node_modules\mongoose\lib\model.js:369:5)
    at async model.save (C:\Users\User\Desktop\farmferry\FarmFerryBackendNew\node_modules\mongoose\lib\model.js:609:5)
    at async POST (C:\Users\User\Desktop\farmferry\FarmFerryBackendNew\.next\dev\server\chunks\[root-of-the-server]__4363d375._.js:1630:13)
    at async AppRouteRouteModule.do (C:\Users\User\Desktop\farmferry\FarmFerryBackendNew\node_modules\next\dist\compiled\next-server\app-route-turbo.runtime.dev.js:5:37866)
    at async AppRouteRouteModule.handle (C:\Users\User\Desktop\farmferry\FarmFerryBackendNew\node_modules\next\dist\compiled\next-server\app-route-turbo.runtime.dev.js:5:45156)
    at async responseGenerator (C:\Users\User\Desktop\farmferry\FarmFerryBackendNew\.next\dev\server\chunks\[root-of-the-server]__5c98ee35._.js:14871:38)
    at async AppRouteRouteModule.handleResponse (C:\Users\User\Desktop\farmferry\FarmFerryBackendNew\node_modules\next\dist\compiled\next-server\app-route-turbo.runtime.dev.js:1:187713)
    at async handleResponse (C:\Users\User\Desktop\farmferry\FarmFerryBackendNew\.next\dev\server\chunks\[root-of-the-server]__5c98ee35._.js:14934:32)
    at async Module.handler (C:\Users\User\Desktop\farmferry\FarmFerryBackendNew\.next\dev\server\chunks\[root-of-the-server]__5c98ee35._.js:14987:13)
    at async DevServer.renderToResponseWithComponentsImpl (C:\Users\User\Desktop\farmferry\FarmFerryBackendNew\node_modules\next\dist\server\base-server.js:1422:9)
    at async DevServer.renderPageComponent (C:\Users\User\Desktop\farmferry\FarmFerryBackendNew\node_modules\next\dist\server\base-server.js:1474:24)
    at async DevServer.renderToResponseImpl (C:\Users\User\Desktop\farmferry\FarmFerryBackendNew\node_modules\next\dist\server\base-server.js:1524:32)
    at async DevServer.pipeImpl (C:\Users\User\Desktop\farmferry\FarmFerryBackendNew\node_modules\next\dist\server\base-server.js:1018:25)
    at async NextNodeServer.handleCatchallRenderRequest (C:\Users\User\Desktop\farmferry\FarmFerryBackendNew\node_modules\next\dist\server\next-server.js:395:17)
    at async DevServer.handleRequestImpl (C:\Users\User\Desktop\farmferry\FarmFerryBackendNew\node_modules\next\dist\server\base-server.js:909:17)
    at async C:\Users\User\Desktop\farmferry\FarmFerryBackendNew\node_modules\next\dist\server\dev\next-dev-server.js:387:20
    at async Span.traceAsyncFn (C:\Users\User\Desktop\farmferry\FarmFerryBackendNew\node_modules\next\dist\trace\trace.js:157:20)
    at async DevServer.handleRequest (C:\Users\User\Desktop\farmferry\FarmFerryBackendNew\node_modules\next\dist\server\dev\next-dev-server.js:383:24)
    at async invokeRender (C:\Users\User\Desktop\farmferry\FarmFerryBackendNew\node_modules\next\dist\server\lib\router-server.js:248:21)
    at async handleRequest (C:\Users\User\Desktop\farmferry\FarmFerryBackendNew\node_modules\next\dist\server\lib\router-server.js:447:24)
    at async requestHandlerImpl (C:\Users\User\Desktop\farmferry\FarmFerryBackendNew\node_modules\next\dist\server\lib\router-server.js:496:13)
    at async Server.requestListener (C:\Users\User\Desktop\farmferry\FarmFerryBackendNew\node_modules\next\dist\server\lib\start-server.js:226:13)
[2026-01-30T09:02:52.533Z] POST /cart Body: {"productId":"69579384d6474999013ea1b8","quantity":1,"userId":"6967263c2d2951851c61b9c9"} | User: 6967263c2d2951851c61b9c9
[2026-01-30T09:02:59.280Z] POST /cart Body: {"productId":"69579384d6474999013ea1b8","quantity":1,"userId":"6967263c2d2951851c61b9c9"} | User: 6967263c2d2951851c61b9c9
[2026-01-30T09:17:44.254Z] ERROR: aborted
Stack: Error: aborted
    at abortIncoming (node:_http_server:809:17)
    at socketOnClose (node:_http_server:803:3)
    at Socket.emit (node:events:536:35)
    at TCP.<anonymous> (node:net:351:12)
    at TCP.callbackTrampoline (node:internal/async_hooks:130:17)
[2026-01-30T09:17:58.604Z] POST /cart Body: {"productId":"69579384d6474999013ea1b8","quantity":1,"userId":"6967263c2d2951851c61b9c9"} | User: 6967263c2d2951851c61b9c9
[2026-02-03T06:21:33.278Z] POST /cart Body: {"productId":"6965e1201c667d5b26e6ee40","quantity":1,"userId":"6967263c2d2951851c61b9c9"} | User: 6967263c2d2951851c61b9c9
[2026-02-03T06:25:42.684Z] POST /cart Body: {"productId":"6965e1201c667d5b26e6ee40","quantity":1,"userId":"6967263c2d2951851c61b9c9"} | User: 6967263c2d2951851c61b9c9
[2026-02-03T06:30:53.194Z] POST /cart Body: {"productId":"6965e11d1c667d5b26e6ee3c","quantity":1,"userId":"6967263c2d2951851c61b9c9"} | User: 6967263c2d2951851c61b9c9
[2026-02-03T09:12:30.006Z] POST /cart Body: {"productId":"6965e11d1c667d5b26e6ee3c","quantity":1,"userId":"6967263c2d2951851c61b9c9"} | User: 6967263c2d2951851c61b9c9
[2026-02-03T09:31:03.862Z] POST /cart Body: {"productId":"69579337d6474999013ea1b5","quantity":1,"userId":"6967263c2d2951851c61b9c9"} | User: 6967263c2d2951851c61b9c9
[2026-02-03T10:06:43.383Z] POST /cart Body: {"productId":"69579337d6474999013ea1b5","quantity":1,"userId":"6967263c2d2951851c61b9c9"} | User: 6967263c2d2951851c61b9c9
[2026-02-03T12:36:59.704Z] POST /cart Body: {"productId":"695790b1d6474999013ea19f","quantity":1,"userId":"6967263c2d2951851c61b9c9"} | User: 6967263c2d2951851c61b9c9
[2026-02-04T06:23:12.553Z] POST /cart Body: {"productId":"6965e1221c667d5b26e6ee44","quantity":1,"userId":"6967263c2d2951851c61b9c9"} | User: 6967263c2d2951851c61b9c9
[2026-02-04T09:03:53.290Z] POST /cart Body: {"productId":"6965e1201c667d5b26e6ee40","quantity":1,"userId":"6967263c2d2951851c61b9c9"} | User: 6967263c2d2951851c61b9c9
[2026-02-05T05:34:56.174Z] POST /cart Body: {"productId":"69579384d6474999013ea1b8","quantity":1,"userId":"6967263c2d2951851c61b9c9"} | User: 6967263c2d2951851c61b9c9
[2026-02-09T05:32:54.390Z] POST /cart Body: {"productId":"6965e1201c667d5b26e6ee40","quantity":1,"userId":"6967263c2d2951851c61b9c9"} | User: 6967263c2d2951851c61b9c9
[2026-02-09T05:35:25.989Z] POST /cart Body: {"productId":"6965e11d1c667d5b26e6ee3c","quantity":1,"userId":"6967263c2d2951851c61b9c9"} | User: 6967263c2d2951851c61b9c9
[2026-02-09T05:35:34.883Z] POST /cart Body: {"productId":"6965e1201c667d5b26e6ee40","quantity":1,"userId":"6967263c2d2951851c61b9c9"} | User: 6967263c2d2951851c61b9c9
[2026-02-09T05:40:46.881Z] POST /cart Body: {"productId":"6965e1221c667d5b26e6ee44","quantity":1,"userId":"6967263c2d2951851c61b9c9"} | User: 6967263c2d2951851c61b9c9
[2026-02-09T11:54:21.611Z] POST /cart Body: {"productId":"695790b1d6474999013ea19f","quantity":1,"userId":"6967263c2d2951851c61b9c9"} | User: 6967263c2d2951851c61b9c9
[2026-02-12T06:25:17.535Z] POST /cart Body: {"productId":"69579337d6474999013ea1b5","quantity":1,"userId":"6967263c2d2951851c61b9c9"} | User: 6967263c2d2951851c61b9c9
[2026-02-12T07:13:25.903Z] POST /cart Body: {"productId":"6965e11d1c667d5b26e6ee3c","quantity":1,"userId":"6967263c2d2951851c61b9c9"} | User: 6967263c2d2951851c61b9c9
[2026-02-12T09:49:28.854Z] POST /cart Body: {"productId":"6965e11d1c667d5b26e6ee3c","quantity":1,"userId":"6967263c2d2951851c61b9c9"} | User: 6967263c2d2951851c61b9c9
[2026-02-12T09:49:45.624Z] POST /cart Body: {"productId":"6965e1201c667d5b26e6ee40","quantity":1,"userId":"6967263c2d2951851c61b9c9"} | User: 6967263c2d2951851c61b9c9
[2026-02-12T09:50:55.199Z] POST /cart Body: {"productId":"6965e1201c667d5b26e6ee40","quantity":1,"userId":"6967263c2d2951851c61b9c9"} | User: 6967263c2d2951851c61b9c9
[2026-02-12T09:51:04.423Z] POST /cart Body: {"productId":"6965e1201c667d5b26e6ee40","quantity":1,"userId":"6967263c2d2951851c61b9c9"} | User: 6967263c2d2951851c61b9c9
[2026-02-12T10:16:44.983Z] DELETE /cart/items/undefined | User: 6967263c2d2951851c61b9c9
Current Cart Items: [{"_id":"698da22906ef8250e2614660","product":"6965e11d1c667d5b26e6ee3c"},{"_id":"698da23906ef8250e261467c","product":"6965e1201c667d5b26e6ee40"}]
Item undefined not found in cart. No changes made.
[2026-02-12T10:19:59.242Z] DELETE /cart/items/undefined | User: 6967263c2d2951851c61b9c9
Current Cart Items: [{"_id":"698da22906ef8250e2614660","product":"6965e11d1c667d5b26e6ee3c"},{"_id":"698da23906ef8250e261467c","product":"6965e1201c667d5b26e6ee40"}]
Item undefined not found in cart. No changes made.
[2026-02-12T12:26:57.428Z] DELETE /cart/items/undefined | User: 6967263c2d2951851c61b9c9
Current Cart Items: [{"_id":"698da22906ef8250e2614660","product":"6965e11d1c667d5b26e6ee3c"},{"_id":"698da23906ef8250e261467c","product":"6965e1201c667d5b26e6ee40"},{"_id":"698db2b816e959e94897c6aa","product":"69579384d6474999013ea1b8"}]
Item undefined not found in cart. No changes made.
[2026-02-12T12:27:27.311Z] DELETE /cart/items/undefined | User: 6967263c2d2951851c61b9c9
Current Cart Items: [{"_id":"698da22906ef8250e2614660","product":"6965e11d1c667d5b26e6ee3c"},{"_id":"698da23906ef8250e261467c","product":"6965e1201c667d5b26e6ee40"},{"_id":"698db2b816e959e94897c6aa","product":"69579384d6474999013ea1b8"}]
Item undefined not found in cart. No changes made.
[2026-02-12T12:41:32.316Z] DELETE /cart/items/undefined | User: 6967263c2d2951851c61b9c9
Current Cart Items: [{"_id":"698da22906ef8250e2614660","product":"6965e11d1c667d5b26e6ee3c"},{"_id":"698da23906ef8250e261467c","product":"6965e1201c667d5b26e6ee40"},{"_id":"698db2b816e959e94897c6aa","product":"69579384d6474999013ea1b8"}]
Item undefined not found in cart. No changes made.
[2026-02-16T04:58:15.528Z] DELETE /cart/items/undefined | User: 6967263c2d2951851c61b9c9
Current Cart Items: [{"_id":"698da22906ef8250e2614660","product":"6965e11d1c667d5b26e6ee3c"},{"_id":"698da23906ef8250e261467c","product":"6965e1201c667d5b26e6ee40"},{"_id":"698db2b816e959e94897c6aa","product":"69579384d6474999013ea1b8"}]
Item undefined not found in cart. No changes made.
[2026-02-16T05:03:22.394Z] DELETE /cart/items/undefined | User: 6967263c2d2951851c61b9c9
Current Cart Items: [{"_id":"698da22906ef8250e2614660","product":"6965e11d1c667d5b26e6ee3c"},{"_id":"698da23906ef8250e261467c","product":"6965e1201c667d5b26e6ee40"},{"_id":"698db2b816e959e94897c6aa","product":"69579384d6474999013ea1b8"}]
Item undefined not found in cart. No changes made.
[2026-02-16T05:04:20.586Z] DELETE /cart/items/undefined | User: 6967263c2d2951851c61b9c9
Current Cart Items: [{"_id":"698da22906ef8250e2614660","product":"6965e11d1c667d5b26e6ee3c"},{"_id":"698da23906ef8250e261467c","product":"6965e1201c667d5b26e6ee40"},{"_id":"698db2b816e959e94897c6aa","product":"69579384d6474999013ea1b8"}]
Item undefined not found in cart. No changes made.
[2026-02-16T05:15:02.492Z] PUT /cart/items/undefined | Quantity: 2 | User: 6967263c2d2951851c61b9c9
[2026-02-16T05:15:49.174Z] DELETE /cart/items/undefined | User: 6967263c2d2951851c61b9c9
Current Cart Items: [{"_id":"698da22906ef8250e2614660","product":"6965e11d1c667d5b26e6ee3c"},{"_id":"698da23906ef8250e261467c","product":"6965e1201c667d5b26e6ee40"},{"_id":"698db2b816e959e94897c6aa","product":"69579384d6474999013ea1b8"}]
Item undefined not found in cart. No changes made.
[2026-02-16T05:15:59.036Z] POST /cart Body: {"productId":"6965e11d1c667d5b26e6ee3c","quantity":1,"userId":"6967263c2d2951851c61b9c9"} | User: 6967263c2d2951851c61b9c9
[2026-02-16T05:16:03.862Z] DELETE /cart/items/undefined | User: 6967263c2d2951851c61b9c9
Current Cart Items: [{"_id":"698da22906ef8250e2614660","product":"6965e11d1c667d5b26e6ee3c"},{"_id":"698da23906ef8250e261467c","product":"6965e1201c667d5b26e6ee40"},{"_id":"698db2b816e959e94897c6aa","product":"69579384d6474999013ea1b8"}]
Item undefined not found in cart. No changes made.
[2026-02-16T05:16:08.598Z] POST /cart Body: {"productId":"69579384d6474999013ea1b8","quantity":1,"userId":"6967263c2d2951851c61b9c9"} | User: 6967263c2d2951851c61b9c9
[2026-02-16T05:16:19.695Z] POST /cart Body: {"productId":"69579384d6474999013ea1b8","quantity":1,"userId":"6967263c2d2951851c61b9c9"} | User: 6967263c2d2951851c61b9c9
[2026-02-16T05:16:25.412Z] POST /cart Body: {"productId":"69579384d6474999013ea1b8","quantity":1,"userId":"6967263c2d2951851c61b9c9"} | User: 6967263c2d2951851c61b9c9
[2026-02-16T05:16:31.613Z] DELETE /cart/items/undefined | User: 6967263c2d2951851c61b9c9
Current Cart Items: [{"_id":"698da22906ef8250e2614660","product":"6965e11d1c667d5b26e6ee3c"},{"_id":"698da23906ef8250e261467c","product":"6965e1201c667d5b26e6ee40"},{"_id":"698db2b816e959e94897c6aa","product":"69579384d6474999013ea1b8"}]
Item undefined not found in cart. No changes made.
[2026-02-16T05:49:27.640Z] POST /cart Body: {"productId":"69579337d6474999013ea1b5","quantity":1,"userId":"6967263c2d2951851c61b9c9"} | User: 6967263c2d2951851c61b9c9
[2026-02-16T05:59:10.096Z] DELETE /cart/items/undefined | User: 6967263c2d2951851c61b9c9
Current Cart Items: [{"_id":"6992afe73f1b0c9c0ea002ec","product":"69579337d6474999013ea1b5"}]
Item undefined not found in cart. No changes made.
[2026-02-16T05:59:15.958Z] POST /cart Body: {"productId":"69579337d6474999013ea1b5","quantity":1,"userId":"6967263c2d2951851c61b9c9"} | User: 6967263c2d2951851c61b9c9
[2026-02-16T06:05:02.050Z] POST /cart Body: {"productId":"695792cdd6474999013ea1af","quantity":1,"userId":"6967263c2d2951851c61b9c9"} | User: 6967263c2d2951851c61b9c9
[2026-02-16T06:09:21.383Z] DELETE /cart/items/undefined | User: 6967263c2d2951851c61b9c9
Current Cart Items: [{"_id":"6992afe73f1b0c9c0ea002ec","product":"69579337d6474999013ea1b5"},{"_id":"6992b38e3f1b0c9c0ea00421","product":"695792cdd6474999013ea1af"}]
Item undefined not found in cart. No changes made.
[2026-02-16T06:09:48.806Z] DELETE /cart/items/undefined | User: 6967263c2d2951851c61b9c9
Current Cart Items: [{"_id":"6992afe73f1b0c9c0ea002ec","product":"69579337d6474999013ea1b5"},{"_id":"6992b38e3f1b0c9c0ea00421","product":"695792cdd6474999013ea1af"}]
Item undefined not found in cart. No changes made.
[2026-02-16T06:09:52.761Z] DELETE /cart/items/undefined | User: 6967263c2d2951851c61b9c9
Current Cart Items: [{"_id":"6992afe73f1b0c9c0ea002ec","product":"69579337d6474999013ea1b5"},{"_id":"6992b38e3f1b0c9c0ea00421","product":"695792cdd6474999013ea1af"}]
Item undefined not found in cart. No changes made.
[2026-02-16T06:10:01.131Z] DELETE /cart/items/undefined | User: 6967263c2d2951851c61b9c9
Current Cart Items: [{"_id":"6992afe73f1b0c9c0ea002ec","product":"69579337d6474999013ea1b5"},{"_id":"6992b38e3f1b0c9c0ea00421","product":"695792cdd6474999013ea1af"}]
Item undefined not found in cart. No changes made.
[2026-02-16T06:10:09.576Z] DELETE /cart/items/undefined | User: 6967263c2d2951851c61b9c9
Current Cart Items: [{"_id":"6992afe73f1b0c9c0ea002ec","product":"69579337d6474999013ea1b5"},{"_id":"6992b38e3f1b0c9c0ea00421","product":"695792cdd6474999013ea1af"}]
Item undefined not found in cart. No changes made.
[2026-02-16T06:21:42.615Z] DELETE /cart/items/undefined | User: 6967263c2d2951851c61b9c9
Current Cart Items: [{"_id":"6992afe73f1b0c9c0ea002ec","product":"69579337d6474999013ea1b5"},{"_id":"6992b38e3f1b0c9c0ea00421","product":"695792cdd6474999013ea1af"}]
Item undefined not found in cart. No changes made.
[2026-02-16T06:21:46.402Z] DELETE /cart/items/undefined | User: 6967263c2d2951851c61b9c9
Current Cart Items: [{"_id":"6992afe73f1b0c9c0ea002ec","product":"69579337d6474999013ea1b5"},{"_id":"6992b38e3f1b0c9c0ea00421","product":"695792cdd6474999013ea1af"}]
Item undefined not found in cart. No changes made.
[2026-02-16T06:21:54.803Z] POST /cart Body: {"productId":"6965e1201c667d5b26e6ee40","quantity":1,"userId":"6967263c2d2951851c61b9c9"} | User: 6967263c2d2951851c61b9c9
[2026-02-16T06:22:03.898Z] DELETE /cart/items/undefined | User: 6967263c2d2951851c61b9c9
Current Cart Items: [{"_id":"6992afe73f1b0c9c0ea002ec","product":"69579337d6474999013ea1b5"},{"_id":"6992b38e3f1b0c9c0ea00421","product":"695792cdd6474999013ea1af"},{"_id":"6992b7833f1b0c9c0ea00549","product":"6965e1201c667d5b26e6ee40"}]
Item undefined not found in cart. No changes made.
[2026-02-16T06:22:09.199Z] DELETE /cart/items/undefined | User: 6967263c2d2951851c61b9c9
Current Cart Items: [{"_id":"6992afe73f1b0c9c0ea002ec","product":"69579337d6474999013ea1b5"},{"_id":"6992b38e3f1b0c9c0ea00421","product":"695792cdd6474999013ea1af"},{"_id":"6992b7833f1b0c9c0ea00549","product":"6965e1201c667d5b26e6ee40"}]
Item undefined not found in cart. No changes made.
[2026-02-16T06:22:14.614Z] DELETE /cart/items/undefined | User: 6967263c2d2951851c61b9c9
Current Cart Items: [{"_id":"6992afe73f1b0c9c0ea002ec","product":"69579337d6474999013ea1b5"},{"_id":"6992b38e3f1b0c9c0ea00421","product":"695792cdd6474999013ea1af"},{"_id":"6992b7833f1b0c9c0ea00549","product":"6965e1201c667d5b26e6ee40"}]
Item undefined not found in cart. No changes made.
[2026-02-16T06:24:45.253Z] DELETE /cart/items/undefined | User: 6967263c2d2951851c61b9c9
Current Cart Items: [{"_id":"6992afe73f1b0c9c0ea002ec","product":"69579337d6474999013ea1b5"},{"_id":"6992b38e3f1b0c9c0ea00421","product":"695792cdd6474999013ea1af"},{"_id":"6992b7833f1b0c9c0ea00549","product":"6965e1201c667d5b26e6ee40"}]
Item undefined not found in cart. No changes made.
[2026-02-16T06:24:51.630Z] DELETE /cart/items/undefined | User: 6967263c2d2951851c61b9c9
Current Cart Items: [{"_id":"6992afe73f1b0c9c0ea002ec","product":"69579337d6474999013ea1b5"},{"_id":"6992b38e3f1b0c9c0ea00421","product":"695792cdd6474999013ea1af"},{"_id":"6992b7833f1b0c9c0ea00549","product":"6965e1201c667d5b26e6ee40"}]
Item undefined not found in cart. No changes made.
[2026-02-16T06:24:55.076Z] DELETE /cart/items/undefined | User: 6967263c2d2951851c61b9c9
Current Cart Items: [{"_id":"6992afe73f1b0c9c0ea002ec","product":"69579337d6474999013ea1b5"},{"_id":"6992b38e3f1b0c9c0ea00421","product":"695792cdd6474999013ea1af"},{"_id":"6992b7833f1b0c9c0ea00549","product":"6965e1201c667d5b26e6ee40"}]
Item undefined not found in cart. No changes made.
[2026-02-16T06:24:58.570Z] DELETE /cart/items/undefined | User: 6967263c2d2951851c61b9c9
Current Cart Items: [{"_id":"6992afe73f1b0c9c0ea002ec","product":"69579337d6474999013ea1b5"},{"_id":"6992b38e3f1b0c9c0ea00421","product":"695792cdd6474999013ea1af"},{"_id":"6992b7833f1b0c9c0ea00549","product":"6965e1201c667d5b26e6ee40"}]
Item undefined not found in cart. No changes made.
[2026-02-16T06:27:42.072Z] POST /cart Body: {"productId":"6965e1201c667d5b26e6ee40","quantity":1,"userId":"6967263c2d2951851c61b9c9"} | User: 6967263c2d2951851c61b9c9
[2026-02-16T06:27:45.813Z] DELETE /cart/items/undefined | User: 6967263c2d2951851c61b9c9
Current Cart Items: [{"_id":"6992b8de3f1b0c9c0ea0064a","product":"6965e1201c667d5b26e6ee40"}]
Item undefined not found in cart. No changes made.
[2026-02-16T06:42:30.907Z] DELETE /cart/items/undefined | User: 6967263c2d2951851c61b9c9
Current Cart Items: [{"_id":"6992b8de3f1b0c9c0ea0064a","product":"6965e1201c667d5b26e6ee40"}]
Item undefined not found in cart. No changes made.
[2026-02-16T06:42:35.950Z] DELETE /cart/items/undefined | User: 6967263c2d2951851c61b9c9
Current Cart Items: [{"_id":"6992b8de3f1b0c9c0ea0064a","product":"6965e1201c667d5b26e6ee40"}]
Item undefined not found in cart. No changes made.
[2026-02-16T07:01:42.711Z] DELETE /cart/items/undefined | User: 6967263c2d2951851c61b9c9
Current Cart Items: [{"_id":"6992b8de3f1b0c9c0ea0064a","product":"6965e1201c667d5b26e6ee40"}]
Item undefined not found in cart. No changes made.
[2026-02-16T07:01:46.702Z] DELETE /cart/items/undefined | User: 6967263c2d2951851c61b9c9
Current Cart Items: [{"_id":"6992b8de3f1b0c9c0ea0064a","product":"6965e1201c667d5b26e6ee40"}]
Item undefined not found in cart. No changes made.
[2026-02-16T07:01:55.129Z] DELETE /cart/items/undefined | User: 6967263c2d2951851c61b9c9
Current Cart Items: [{"_id":"6992b8de3f1b0c9c0ea0064a","product":"6965e1201c667d5b26e6ee40"}]
Item undefined not found in cart. No changes made.
[2026-02-16T07:03:13.530Z] DELETE /cart/items/undefined | User: 6967263c2d2951851c61b9c9
Current Cart Items: [{"_id":"6992b8de3f1b0c9c0ea0064a","product":"6965e1201c667d5b26e6ee40"}]
Item undefined not found in cart. No changes made.
[2026-02-16T07:03:17.655Z] DELETE /cart/items/undefined | User: 6967263c2d2951851c61b9c9
Current Cart Items: [{"_id":"6992b8de3f1b0c9c0ea0064a","product":"6965e1201c667d5b26e6ee40"}]
Item undefined not found in cart. No changes made.
[2026-02-16T07:03:32.947Z] DELETE /cart/items/undefined | User: 6967263c2d2951851c61b9c9
Current Cart Items: [{"_id":"6992b8de3f1b0c9c0ea0064a","product":"6965e1201c667d5b26e6ee40"}]
Item undefined not found in cart. No changes made.
[2026-02-16T07:03:37.600Z] POST /cart Body: {"productId":"69579384d6474999013ea1b8","quantity":1,"userId":"6967263c2d2951851c61b9c9"} | User: 6967263c2d2951851c61b9c9
[2026-02-16T07:03:41.586Z] DELETE /cart/items/undefined | User: 6967263c2d2951851c61b9c9
Current Cart Items: [{"_id":"6992b8de3f1b0c9c0ea0064a","product":"6965e1201c667d5b26e6ee40"},{"_id":"6992c1493f1b0c9c0ea0072f","product":"69579384d6474999013ea1b8"}]
Item undefined not found in cart. No changes made.
[2026-02-16T07:04:32.629Z] DELETE /cart/items/undefined | User: 6967263c2d2951851c61b9c9
Current Cart Items: [{"_id":"6992b8de3f1b0c9c0ea0064a","product":"6965e1201c667d5b26e6ee40"},{"_id":"6992c1493f1b0c9c0ea0072f","product":"69579384d6474999013ea1b8"}]
Item undefined not found in cart. No changes made.
[2026-02-16T07:04:36.420Z] DELETE /cart/items/undefined | User: 6967263c2d2951851c61b9c9
Current Cart Items: [{"_id":"6992b8de3f1b0c9c0ea0064a","product":"6965e1201c667d5b26e6ee40"},{"_id":"6992c1493f1b0c9c0ea0072f","product":"69579384d6474999013ea1b8"}]
Item undefined not found in cart. No changes made.
[2026-02-16T07:04:40.927Z] POST /cart Body: {"productId":"69579384d6474999013ea1b8","quantity":1,"userId":"6967263c2d2951851c61b9c9"} | User: 6967263c2d2951851c61b9c9
[2026-02-16T07:05:03.829Z] DELETE /cart/items/undefined | User: 6967263c2d2951851c61b9c9
Current Cart Items: [{"_id":"6992b8de3f1b0c9c0ea0064a","product":"6965e1201c667d5b26e6ee40"},{"_id":"6992c1493f1b0c9c0ea0072f","product":"69579384d6474999013ea1b8"}]
Item undefined not found in cart. No changes made.
[2026-02-16T07:09:43.914Z] DELETE /cart/items/undefined | User: 6967263c2d2951851c61b9c9
Current Cart Items: [{"_id":"6992b8de3f1b0c9c0ea0064a","product":"6965e1201c667d5b26e6ee40"},{"_id":"6992c1493f1b0c9c0ea0072f","product":"69579384d6474999013ea1b8"}]
Item undefined not found in cart. No changes made.
[2026-02-16T07:10:24.028Z] DELETE /cart/items/undefined | User: 6967263c2d2951851c61b9c9
Current Cart Items: [{"_id":"6992b8de3f1b0c9c0ea0064a","product":"6965e1201c667d5b26e6ee40"},{"_id":"6992c1493f1b0c9c0ea0072f","product":"69579384d6474999013ea1b8"}]
Item undefined not found in cart. No changes made.
[2026-02-16T07:11:41.076Z] POST /cart Body: {"productId":"69579384d6474999013ea1b8","quantity":1,"userId":"6967263c2d2951851c61b9c9"} | User: 6967263c2d2951851c61b9c9
[2026-02-16T07:22:07.753Z] DELETE /cart/items/undefined | User: 6967263c2d2951851c61b9c9
[2026-02-16T07:22:07.916Z] DELETE /cart/items/undefined | User: 6967263c2d2951851c61b9c9
Current Cart Items: [{"_id":"6992c32d3f1b0c9c0ea0093c","product":"69579384d6474999013ea1b8"}]
Item undefined not found in cart. No changes made.
Current Cart Items: [{"_id":"6992c32d3f1b0c9c0ea0093c","product":"69579384d6474999013ea1b8"}]
Item undefined not found in cart. No changes made.
[2026-02-16T07:22:11.268Z] POST /cart Body: {"productId":"69579384d6474999013ea1b8","quantity":1,"userId":"6967263c2d2951851c61b9c9"} | User: 6967263c2d2951851c61b9c9
[2026-02-16T07:22:13.244Z] POST /cart Body: {"productId":"69579384d6474999013ea1b8","quantity":1,"userId":"6967263c2d2951851c61b9c9"} | User: 6967263c2d2951851c61b9c9
[2026-02-16T07:22:15.376Z] PUT /cart/items/undefined | Qty: 2 | User: 6967263c2d2951851c61b9c9
PUT Error: Item undefined not found in cart for user 6967263c2d2951851c61b9c9. Items: [{"_id":"6992c32d3f1b0c9c0ea0093c","product":"69579384d6474999013ea1b8"}]
[2026-02-16T07:22:19.526Z] PUT /cart/items/undefined | Qty: 2 | User: 6967263c2d2951851c61b9c9
PUT Error: Item undefined not found in cart for user 6967263c2d2951851c61b9c9. Items: [{"_id":"6992c32d3f1b0c9c0ea0093c","product":"69579384d6474999013ea1b8"}]
[2026-02-16T07:22:24.684Z] POST /cart Body: {"productId":"69579384d6474999013ea1b8","quantity":1,"userId":"6967263c2d2951851c61b9c9"} | User: 6967263c2d2951851c61b9c9
[2026-02-16T07:22:27.829Z] POST /cart Body: {"productId":"69579384d6474999013ea1b8","quantity":1,"userId":"6967263c2d2951851c61b9c9"} | User: 6967263c2d2951851c61b9c9
[2026-02-16T07:22:28.962Z] POST /cart Body: {"productId":"69579384d6474999013ea1b8","quantity":1,"userId":"6967263c2d2951851c61b9c9"} | User: 6967263c2d2951851c61b9c9
[2026-02-16T07:22:30.278Z] POST /cart Body: {"productId":"69579384d6474999013ea1b8","quantity":1,"userId":"6967263c2d2951851c61b9c9"} | User: 6967263c2d2951851c61b9c9
[2026-02-16T07:22:32.269Z] PUT /cart/items/undefined | Qty: 6 | User: 6967263c2d2951851c61b9c9
PUT Error: Item undefined not found in cart for user 6967263c2d2951851c61b9c9. Items: [{"_id":"6992c32d3f1b0c9c0ea0093c","product":"69579384d6474999013ea1b8"}]
[2026-02-16T07:22:47.418Z] PUT /cart/items/undefined | Qty: 6 | User: 6967263c2d2951851c61b9c9
PUT Error: Item undefined not found in cart for user 6967263c2d2951851c61b9c9. Items: [{"_id":"6992c32d3f1b0c9c0ea0093c","product":"69579384d6474999013ea1b8"}]
[2026-02-16T07:23:11.439Z] PUT /cart/items/undefined | Qty: 6 | User: 6967263c2d2951851c61b9c9
PUT Error: Item undefined not found in cart for user 6967263c2d2951851c61b9c9. Items: [{"_id":"6992c32d3f1b0c9c0ea0093c","product":"69579384d6474999013ea1b8"}]
[2026-02-18T06:02:00.580Z] POST /cart Body: {"productId":"69579384d6474999013ea1b8","quantity":1,"userId":"6967263c2d2951851c61b9c9"} | User: 6967263c2d2951851c61b9c9
[2026-02-18T06:02:04.238Z] POST /cart Body: {"productId":"69579384d6474999013ea1b8","quantity":1,"userId":"6967263c2d2951851c61b9c9"} | User: 6967263c2d2951851c61b9c9
